Survived,Pclass,Age,Fare,Sex_male,ZeroSib,OneSib,YesCh,Embarked_Q,Embarked_S,Cabin_B,Cabin_C,Cabin_D,Cabin_E,Cabin_F,Cabin_G,Cabin_T,Cabin_Z
0,3,0.4426966292134832,-0.3120106021758714,1,0,1,1,0,1,0,0,0,0,0,0,0,1
1,1,0.7949438202247192,2.4612422909015312,0,0,1,1,0,0,0,1,0,0,0,0,0,0
1,3,0.5466292134831461,-0.2827766613540295,0,1,0,1,0,1,0,0,0,0,0,0,0,1
1,1,0.7460674157303371,1.6737318966114614,0,0,1,1,0,1,0,1,0,0,0,0,0,0
0,3,0.7460674157303371,-0.277362968609244,1,1,0,1,0,1,0,0,0,0,0,0,0,1
0,3,0.0,-0.25967968262767654,1,1,0,1,1,0,0,0,0,0,0,0,0,1
0,1,0.9483146067415731,1.6201363384380845,1,1,0,1,0,1,0,0,0,1,0,0,0,0
0,3,0.21910112359550565,0.2867438153974083,1,0,0,0,0,1,0,0,0,0,0,0,0,1
1,3,0.5662921348314607,-0.14382665788926616,0,1,0,0,0,1,0,0,0,0,0,0,0,1
1,2,0.2808988764044944,0.6763477929457417,0,0,1,1,0,0,0,0,0,0,0,0,0,1
1,3,0.23707865168539327,0.09726456932991473,0,0,1,0,0,1,0,0,0,0,0,1,0,0
1,1,0.9657303370786517,0.5238635576190146,0,1,0,1,0,1,0,1,0,0,0,0,0,0
0,3,0.3904494382022472,-0.277362968609244,1,1,0,1,0,1,0,0,0,0,0,0,0,1
0,3,0.8089887640449438,0.7285011433719076,1,0,1,0,0,1,0,0,0,0,0,0,0,1
0,3,0.2808988764044944,-0.2858429769246761,0,1,0,1,0,1,0,0,0,0,0,0,0,1
1,2,0.953932584269663,0.06694788995911578,0,1,0,1,0,1,0,0,0,0,0,0,0,1
0,3,0.21910112359550565,0.6353856281615965,1,0,0,0,1,0,0,0,0,0,0,0,0,1
1,2,0.0,-0.06298073591573695,1,1,0,1,0,1,0,0,0,0,0,0,0,1
0,3,0.6696629213483147,0.15356697387568427,0,0,1,1,0,1,0,0,0,0,0,0,0,1
1,3,0.0,-0.31309334072482853,0,1,0,1,0,0,0,0,0,0,0,0,0,1
0,2,0.7460674157303371,0.5000433095419583,1,1,0,1,0,1,0,0,0,0,0,0,0,1
1,2,0.7264044943820225,-0.06298073591573695,1,1,0,1,0,1,0,0,1,0,0,0,0,0
1,3,0.28876404494382024,-0.27826380708197634,0,1,0,1,1,0,0,0,0,0,0,0,0,1
1,1,0.5910112359550562,0.9114839581456586,1,1,0,1,0,1,0,0,0,0,0,0,0,0
0,3,0.2561797752808989,0.2867438153974083,0,0,0,0,0,1,0,0,0,0,0,0,0,1
1,3,0.7949438202247192,0.7333734668422146,0,0,1,0,0,1,0,0,0,0,0,0,0,1
0,3,0.0,-0.31309334072482853,1,1,0,1,0,0,0,0,0,0,0,0,0,1
0,1,0.3679775280898877,10.764404753655324,1,0,0,0,0,1,0,1,0,0,0,0,0,0
1,3,0.0,-0.28476023837571895,0,1,0,1,1,0,0,0,0,0,0,0,0,1
0,3,0.0,-0.2840412999792114,1,1,0,1,0,1,0,0,0,0,0,0,0,1
0,1,0.8247191011235955,0.5745703693437738,1,1,0,1,0,0,0,0,0,0,0,0,0,1
1,1,0.0,5.719743953987942,0,0,1,1,0,0,1,0,0,0,0,0,0,0
1,3,0.0,-0.29035583119672925,0,1,0,1,1,0,0,0,0,0,0,0,0,1
0,2,0.9921348314606737,-0.1712545908114476,1,1,0,1,0,1,0,0,0,0,0,0,0,1
0,1,0.5910112359550562,2.9327749289723513,1,0,1,1,0,0,0,0,0,0,0,0,0,1
0,1,0.8483146067415731,1.6260914004573488,1,0,1,1,0,1,0,0,0,0,0,0,0,1
1,3,0.0,-0.3129114406486037,1,1,0,1,0,0,0,0,0,0,0,0,0,1
0,3,0.41348314606741576,-0.277362968609244,1,1,0,1,0,1,0,0,0,0,0,0,0,1
0,3,0.33932584269662924,0.15356697387568427,0,0,0,1,0,1,0,0,0,0,0,0,0,1
1,3,0.2808988764044944,-0.13913190354098817,0,0,1,1,0,0,0,0,0,0,0,0,0,1
0,3,0.8247191011235955,-0.21564687131868895,0,0,1,1,0,1,0,0,0,0,0,0,0,1
0,2,0.5662921348314607,0.283495599750537,0,0,1,1,0,1,0,0,0,0,0,0,0,1
0,3,0.0,-0.2840412999792114,1,1,0,1,0,0,0,0,0,0,0,0,0,1
1,2,0.22808988764044946,1.1747713256184602,0,0,1,0,0,0,0,0,0,0,0,0,0,1
1,3,0.3679775280898877,-0.28476023837571895,0,1,0,1,1,0,0,0,0,0,0,0,0,1
0,3,0.0,-0.277362968609244,1,1,0,1,0,1,0,0,0,0,0,0,0,1
0,3,0.0,0.04529311897997366,1,0,1,1,1,0,0,0,0,0,0,0,0,1
1,3,0.0,-0.29035583119672925,0,1,0,1,1,0,0,0,0,0,0,0,0,1
0,3,0.0,0.31291144064860377,1,0,0,1,0,0,0,0,0,0,0,0,0,1
0,3,0.33932584269662924,0.14490506548402746,0,0,1,1,0,1,0,0,0,0,0,0,0,1
0,3,0.25280898876404495,1.092842665095974,1,0,0,0,0,1,0,0,0,0,0,0,0,1
0,3,0.41348314606741576,-0.28819035409881505,1,1,0,1,0,1,0,0,0,0,0,0,0,1
1,1,0.9140449438202247,2.6971017254521517,0,0,1,1,0,0,0,0,1,0,0,0,0,0
1,2,0.6179775280898877,0.5000433095419583,0,0,1,1,0,1,0,0,0,0,0,0,0,1
0,1,0.9893258426966294,2.058285981567459,1,1,0,0,0,0,1,0,0,0,0,0,0,0
1,1,0.0,0.9114839581456586,1,1,0,1,0,1,0,1,0,0,0,0,0,0
1,2,0.41348314606741576,-0.1712545908114476,0,1,0,1,0,1,0,0,0,0,0,0,0,1
0,3,0.606179775280899,-0.3129114406486037,1,1,0,1,0,0,0,0,0,0,0,0,0,1
1,2,0.2449438202247191,0.5758350079689557,0,0,1,0,0,1,0,0,0,0,0,0,0,1
0,3,0.2724719101123596,1.405212736470099,1,0,0,0,0,1,0,0,0,0,0,0,0,1
0,3,0.4426966292134832,-0.3129114406486037,1,1,0,1,0,0,0,0,0,0,0,0,0,1
1,1,0.7949438202247192,2.8387585752893076,0,1,0,1,0,0,1,0,0,0,0,0,0,0
0,1,0.8780898876404495,2.9892592335943453,1,0,1,1,0,1,0,1,0,0,0,0,0,0
0,3,0.23707865168539327,0.5823314392626983,1,0,0,0,0,1,0,0,0,0,0,0,0,1
0,1,0.0,0.5745703693437738,1,1,0,1,0,0,0,0,0,0,0,0,0,1
1,3,0.0,0.03428383341417777,1,0,1,0,0,0,0,0,0,0,0,0,0,1
1,2,0.6179775280898877,-0.1712545908114476,0,1,0,1,0,1,0,0,0,0,1,0,0,0
0,3,0.3679775280898877,-0.27267254521516177,1,1,0,1,0,1,0,0,0,0,0,0,0,1
1,3,0.31797752808988766,-0.2827766613540295,0,0,0,0,0,1,0,0,0,0,0,0,0,1
0,3,0.5466292134831461,-0.2508358741597949,1,0,0,1,0,1,0,0,0,0,0,0,0,1
0,2,0.6893258426966293,-0.1712545908114476,1,1,0,1,0,1,0,0,0,0,0,0,0,1
0,3,0.301123595505618,1.405212736470099,0,0,0,0,0,1,0,0,0,0,0,0,0,1
0,2,0.41348314606741576,2.55724655256046,1,1,0,1,0,1,0,0,0,0,0,0,0,1
0,3,0.5466292134831461,0.0,1,0,1,1,0,0,0,0,0,0,0,0,0,1
1,3,0.6893258426966293,1.8208024391934032,1,1,0,1,0,1,0,0,0,0,0,0,0,1
0,3,0.5230337078651686,-0.29468678539255766,1,1,0,1,0,1,0,0,0,0,1,0,0,0
0,3,0.0,-0.2840412999792114,1,1,0,1,0,1,0,0,0,0,0,0,0,1
0,3,0.0,-0.277362968609244,1,1,0,1,0,1,0,0,0,0,0,0,0,1
1,2,0.20393258426966293,0.629971935416811,1,1,0,0,0,1,0,0,0,0,0,0,0,1
1,3,0.6438202247191012,-0.0857182454438362,0,1,0,1,0,1,0,0,0,0,0,0,0,1
0,3,0.4426966292134832,-0.23621890374887394,1,1,0,1,0,1,0,0,0,0,0,0,0,1
1,3,0.6179775280898877,-0.21456413276973182,1,1,0,1,0,1,0,0,0,0,0,0,0,1
1,3,0.0,-0.2887317233732936,0,1,0,1,1,0,0,0,0,0,0,0,0,1
0,1,0.5910112359550562,1.4138746448617558,1,1,0,1,0,1,0,0,0,0,0,0,0,1
1,2,0.31797752808988766,-0.1712545908114476,0,1,0,1,0,1,0,0,0,0,0,0,0,1
1,3,0.7095505617977529,0.06045145866537313,0,0,0,1,0,1,0,0,0,0,0,0,0,1
0,3,0.301123595505618,0.8627607234425888,1,0,1,0,0,1,0,0,0,0,0,0,0,1
0,3,0.0,-0.277362968609244,1,1,0,1,0,1,0,0,0,0,0,0,0,1
1,1,0.4662921348314607,10.764404753655324,0,0,0,0,0,1,0,1,0,0,0,0,0,0
0,3,0.49213483146067416,-0.277362968609244,1,1,0,1,0,1,0,0,0,0,0,0,0,1
0,3,0.6179775280898877,-0.277362968609244,1,1,0,1,0,1,0,0,0,0,0,0,0,1
0,3,0.3904494382022472,-0.2858429769246761,1,1,0,1,0,1,0,0,0,0,0,0,0,1
0,1,0.8887640449438203,2.0234564479246067,1,0,1,1,0,1,0,0,0,1,0,0,0,0
0,3,0.5466292134831461,0.2650890444182662,1,0,1,0,0,1,0,0,0,0,0,0,0,1
0,3,0.9696629213483147,-0.3120106021758714,1,1,0,1,0,1,0,0,0,0,0,0,0,1
0,3,0.0,-0.277362968609244,1,1,0,1,0,1,0,0,0,0,0,0,0,1
0,1,0.9966292134831461,0.8748527475573419,1,1,0,1,0,0,0,0,0,0,0,0,0,0
1,1,0.4662921348314607,2.1180141708821285,1,1,0,0,0,0,0,0,1,0,0,0,0,0
1,2,0.7264044943820225,0.37011468366710554,0,1,0,0,0,1,0,0,0,0,0,0,0,1
0,2,0.7264044943820225,0.5000433095419583,1,0,1,1,0,1,0,0,0,0,0,0,0,1
0,3,0.5910112359550562,-0.2840412999792114,0,1,0,1,0,1,0,0,0,0,0,0,0,1
0,3,0.0,-0.2840412999792114,1,1,0,1,0,1,0,0,0,0,0,0,0,1
0,1,0.41348314606741576,2.721281442727461,1,1,0,0,0,1,0,0,1,0,0,0,0,0
0,3,0.7095505617977529,-0.25119534335804866,1,1,0,1,0,1,0,0,0,0,0,0,0,1
0,3,0.7859550561797753,-0.2827766613540295,1,0,0,1,0,1,0,0,0,0,0,0,0,1
0,3,0.5910112359550562,-0.2840412999792114,1,1,0,1,0,1,0,0,0,0,0,0,0,1
1,3,0.41348314606741576,-0.29468678539255766,0,1,0,1,0,1,0,0,0,0,0,0,0,1
1,3,0.0,-0.2892730926477721,1,1,0,1,0,1,0,0,0,0,0,0,0,1
0,3,0.7949438202247192,-0.2840412999792114,1,1,0,1,0,1,0,0,0,0,0,0,0,1
1,3,0.0,0.41992065691913233,0,0,1,1,1,0,0,0,0,0,0,0,0,1
0,1,0.8949438202247192,1.6260914004573488,1,1,0,1,0,1,0,1,0,0,0,0,0,0
0,3,0.2853932584269663,0.0,0,0,1,1,0,0,0,0,0,0,0,0,0,1
0,3,0.4426966292134832,-0.277362968609244,1,1,0,1,0,1,0,0,0,0,0,0,0,1
0,3,0.3904494382022472,-0.20048853163328947,0,0,1,1,0,1,0,0,0,0,0,0,0,1
0,3,0.31797752808988766,0.00017756912202893625,0,1,0,1,0,0,0,0,0,0,0,0,0,1
0,3,0.41348314606741576,-0.2827766613540295,1,1,0,1,0,1,0,0,0,0,0,0,0,1
0,3,0.9955056179775282,-0.29035583119672925,1,1,0,1,1,0,0,0,0,0,0,0,0,1
0,2,0.6179775280898877,0.283495599750537,1,0,1,1,0,1,0,0,0,0,0,0,0,1
0,1,0.49213483146067416,10.094007691774651,1,1,0,0,0,0,1,0,0,0,0,0,0,0
0,3,0.21910112359550565,0.7285011433719076,0,0,0,0,0,1,0,0,0,0,0,0,0,1
0,2,0.41348314606741576,2.55724655256046,1,0,0,1,0,1,0,0,0,0,0,0,0,1
0,3,0.0,-0.277362968609244,1,1,0,1,0,1,0,0,0,0,0,0,0,1
0,2,0.7000000000000001,0.6763477929457417,1,0,1,1,0,0,0,0,0,0,0,0,0,1
1,2,0.7000000000000001,-0.06298073591573695,0,1,0,1,0,1,0,0,0,1,0,0,0,0
0,1,0.9483146067415731,2.721281442727461,1,1,0,0,0,1,0,0,1,0,0,0,0,0
1,3,0.2752808988764045,-0.13913190354098817,1,0,1,1,0,0,0,0,0,0,0,0,0,1
0,3,0.0,-0.29035583119672925,1,1,0,1,1,0,0,0,0,0,0,0,0,1
1,3,0.49213483146067416,-0.31670102556995355,1,1,0,1,0,1,0,0,0,0,0,0,0,1
1,3,0.0,0.34232295059247453,0,0,1,0,0,0,0,0,0,0,1,0,0,0
0,3,0.8780898876404495,-0.32392072621439955,1,1,0,1,0,1,0,0,0,0,0,0,0,1
0,3,0.7095505617977529,-0.2840412999792114,1,1,0,1,0,0,0,0,0,0,0,0,0,1
0,3,0.3904494382022472,-0.32067251056752827,1,1,0,1,0,1,0,0,0,0,0,0,0,1
0,3,0.8949438202247192,0.001983577021689412,0,0,1,1,0,1,0,0,0,0,0,0,0,1
1,2,0.6179775280898877,0.5000433095419583,0,0,1,1,0,1,0,0,0,0,0,0,0,1
0,2,0.5230337078651686,-0.06298073591573695,1,1,0,1,0,1,0,0,0,0,0,0,0,1
0,2,0.4662921348314607,0.025621925022520947,1,1,0,1,0,0,0,0,0,0,0,0,0,1
1,1,0.3679775280898877,0.5123129027787402,0,1,0,0,0,1,0,0,1,0,0,0,0,0
0,1,0.7859550561797753,1.6737318966114614,1,0,1,1,0,1,0,1,0,0,0,0,0,0
0,3,0.301123595505618,-0.22683372600651378,1,1,0,1,0,1,0,0,0,0,0,0,0,1
0,1,0.49213483146067416,2.8041109417226804,1,1,0,1,0,0,1,0,0,0,0,0,0,0
0,3,0.0,0.03428383341417777,0,1,0,0,0,0,0,0,0,0,0,0,0,1
1,3,0.4426966292134832,-0.29035583119672925,0,1,0,1,0,1,0,0,0,0,0,0,0,1
1,3,0.49213483146067416,0.06045145866537313,0,0,1,1,0,1,0,0,0,0,0,0,0,1
0,3,0.3679775280898877,-0.3336653731550135,1,1,0,1,1,0,0,0,0,0,0,0,0,1
0,2,0.33932584269662924,-0.12794504885316332,1,1,0,1,0,1,0,0,0,0,0,0,0,1
0,2,0.3679775280898877,0.9656208855935139,1,0,1,0,0,1,0,0,0,0,0,0,0,1
1,3,0.5662921348314607,-0.28837225417503987,1,1,0,1,0,1,0,0,0,0,0,0,0,1
0,3,0.26348314606741574,0.8627607234425888,0,0,0,0,0,1,0,0,0,0,0,0,0,1
0,2,0.7820224719101123,0.5000433095419583,1,1,0,0,0,1,0,0,0,0,1,0,0,0
0,2,0.8483146067415731,-0.06298073591573695,1,1,0,1,0,1,0,0,0,0,0,0,0,1
0,2,0.9320224719101124,-0.08355276834592196,1,1,0,1,0,1,0,0,0,0,0,0,0,1
1,1,0.4426966292134832,2.2584107130482987,0,0,1,1,0,1,0,1,0,0,0,0,0,0
0,3,0.9561797752808989,-0.277362968609244,1,1,0,1,0,1,0,0,0,0,0,0,0,1
0,3,0.8325842696629214,0.001983577021689412,1,1,0,0,0,1,0,0,0,0,0,0,0,1
0,3,0.0,-0.30930375580347863,1,1,0,1,0,1,0,0,0,0,0,0,0,1
0,1,0.9320224719101124,2.0323002563924883,1,1,0,0,0,0,0,0,0,0,0,0,0,1
1,3,0.301123595505618,-0.29107910054743263,0,1,0,1,1,0,0,0,0,0,0,0,0,1
0,3,0.6438202247191012,-0.277362968609244,1,1,0,1,0,1,0,0,0,0,0,0,0,1
0,3,0.0,-0.2508358741597949,1,1,0,1,0,1,0,0,0,0,0,0,0,1
0,3,0.0,2.3861738618252373,1,0,0,0,0,1,0,0,0,0,0,0,0,1
0,3,0.8657303370786518,0.07127884415494427,1,1,0,0,0,1,0,0,0,0,0,0,0,1
1,2,0.8247191011235955,0.056120504469544724,0,1,0,1,0,1,0,0,0,0,0,0,0,1
0,3,0.5466292134831461,-0.2892730926477721,1,1,0,1,0,1,0,0,0,0,0,0,0,1
0,3,0.31797752808988766,-0.2508358741597949,1,1,0,1,0,1,0,0,0,0,0,0,0,1
0,3,0.20955056179775283,1.092842665095974,1,0,0,0,0,1,0,0,0,0,0,0,0,1
1,3,0.26348314606741574,0.26292356732035194,1,1,0,0,0,1,0,0,0,0,0,0,0,1
1,1,0.0,1.7560200263322014,0,1,0,0,0,1,0,0,0,1,0,0,0,0
0,3,0.8780898876404495,0.5823314392626983,0,0,1,0,0,1,0,0,0,0,0,0,0,1
0,1,0.0,0.49679509389508697,1,1,0,1,0,1,0,0,0,0,0,0,0,1
0,3,0.5910112359550562,1.8208024391934032,1,1,0,1,0,1,0,0,0,0,0,0,0,1
0,1,0.9769662921348315,0.8248648742290902,1,1,0,1,0,1,1,0,0,0,0,0,0,0
0,3,0.23707865168539327,0.6353856281615965,1,0,0,0,1,0,0,0,0,0,0,0,0,1
1,3,0.20955056179775283,-0.14382665788926616,0,0,1,0,0,1,0,0,0,0,0,0,0,1
0,3,0.41348314606741576,-0.2827766613540295,1,1,0,1,0,1,0,0,0,0,0,0,0,1
0,1,0.958426966292135,0.7034162566696693,1,1,0,1,0,0,0,0,0,0,0,0,0,0
0,3,0.33932584269662924,-0.2858429769246761,1,0,1,0,0,1,0,0,0,0,0,0,0,1
0,3,0.0,0.4769463308156052,1,0,0,0,0,1,0,0,0,0,0,0,0,1
0,1,0.9224719101123596,0.6175204421038042,0,1,0,1,0,0,0,1,0,0,0,0,0,0
0,2,0.6438202247191012,-0.06298073591573695,1,1,0,1,0,1,0,0,0,0,0,0,0,1
0,3,0.7691011235955056,-0.6260047813734322,1,1,0,1,0,1,0,0,0,0,0,0,0,1
0,3,0.0,2.3861738618252373,0,0,0,0,0,1,0,0,0,0,0,0,0,1
0,2,0.0,0.025803825098745778,1,1,0,1,0,0,0,0,0,0,0,0,0,1
0,3,0.26348314606741574,0.7333734668422146,1,0,0,0,0,1,0,0,0,0,0,0,0,1
1,2,0.20955056179775283,1.0630673549996534,1,0,0,0,0,1,0,0,0,0,1,0,0,0
1,3,0.23707865168539327,0.3278878802577783,0,1,0,0,0,1,0,0,0,0,0,0,0,1
0,1,0.0,1.5394723165407802,1,1,0,1,0,1,0,0,0,0,0,0,0,0
1,3,0.0,0.04529311897997366,0,0,1,1,1,0,0,0,0,0,0,0,0,1
1,1,0.8780898876404495,0.5238635576190146,1,1,0,1,0,1,0,0,0,0,0,0,0,1
0,3,0.8247191011235955,0.04529311897997366,1,0,1,0,1,0,0,0,0,0,0,0,0,1
0,3,0.7691011235955056,-0.2840412999792114,1,1,0,1,0,1,0,0,0,0,0,0,0,1
1,2,0.6893258426966293,-0.06298073591573695,0,1,0,1,0,1,0,0,0,0,0,0,0,1
0,2,0.3679775280898877,-0.06298073591573695,1,1,0,1,0,1,0,0,0,0,0,0,0,1
1,3,0.3679775280898877,-0.2858429769246761,0,0,1,1,0,1,0,0,0,0,0,0,0,1
1,2,0.22808988764044946,0.5000433095419583,1,0,1,0,0,1,0,0,0,0,1,0,0,0
1,1,0.8657303370786518,0.5745703693437738,0,1,0,1,0,0,1,0,0,0,0,0,0,0
1,1,0.9657303370786517,5.719743953987942,0,1,0,1,0,0,1,0,0,0,0,0,0,0
0,3,0.0,-0.29035583119672925,1,1,0,1,1,0,0,0,0,0,0,0,0,1
0,3,0.8483146067415731,-0.26202272884761973,1,1,0,0,0,1,0,0,0,0,0,0,0,1
1,3,0.0,-0.29035583119672925,0,1,0,1,1,0,0,0,0,0,0,0,0,1
0,2,0.49213483146067416,-0.06298073591573695,0,1,0,1,0,1,0,0,0,0,0,0,0,1
0,3,0.5910112359550562,-0.21456413276973182,1,1,0,1,0,1,0,0,0,0,0,0,0,1
0,3,0.0,2.3861738618252373,1,0,0,0,0,1,0,0,0,0,0,0,0,1
0,3,0.7264044943820225,-0.3446746587208094,1,1,0,1,0,1,0,0,0,0,0,0,0,1
0,3,0.8859550561797753,-0.31309334072482853,1,1,0,1,0,0,0,0,0,0,0,0,0,1
1,3,0.33932584269662924,-0.277362968609244,1,1,0,1,0,1,0,0,0,0,0,0,0,1
0,3,0.21910112359550565,-0.17287869863488323,0,1,0,0,0,1,0,0,0,0,0,1,0,0
0,3,0.6893258426966293,0.06045145866537313,1,0,1,1,0,1,0,0,0,0,0,0,0,1
1,3,0.5466292134831461,0.18767323816783318,1,1,0,1,0,0,0,0,0,0,0,0,0,1
1,3,0.301123595505618,-0.29035583119672925,0,1,0,1,1,0,0,0,0,0,0,0,0,1
1,1,0.8247191011235955,0.7165910193333795,1,1,0,1,0,0,0,0,0,0,0,0,0,0
0,3,0.49213483146067416,-0.32067251056752827,1,1,0,1,0,1,0,0,0,0,0,0,0,1
1,2,0.7460674157303371,0.283495599750537,0,1,0,1,0,1,0,0,0,0,0,0,0,1
0,3,0.4426966292134832,-0.3120106021758714,1,1,0,1,0,1,0,0,0,0,0,0,0,1
0,2,0.6438202247191012,-0.06298073591573695,1,1,0,1,0,1,0,0,0,0,0,0,0,1
0,3,0.0,-0.29035583119672925,1,0,1,1,1,0,0,0,0,0,0,0,0,1
1,1,0.6696629213483147,4.279883583951216,0,0,1,1,0,0,0,0,1,0,0,0,0,0
1,3,0.5662921348314607,-0.2827766613540295,0,1,0,1,0,1,0,0,0,0,0,0,0,1
0,2,0.8483146067415731,0.5433528515002425,1,0,1,1,0,1,0,0,0,0,0,0,0,1
1,1,0.6893258426966293,2.6781538008454024,0,1,0,1,0,0,0,0,1,0,0,0,0,0
0,2,0.6438202247191012,-0.1712545908114476,1,1,0,1,0,1,0,0,0,0,0,0,0,1
1,3,0.301123595505618,-0.277362968609244,1,1,0,1,0,1,0,0,0,0,0,0,0,1
0,2,0.5662921348314607,-0.06298073591573695,1,1,0,1,0,1,0,0,0,0,0,0,0,1
0,3,0.9320224719101124,-0.277362968609244,1,1,0,1,0,1,0,0,0,0,0,0,0,1
0,3,0.0,-0.2840412999792114,1,1,0,1,0,1,0,0,0,0,0,0,0,1
1,1,0.7949438202247192,3.27185399487215,1,0,1,1,0,1,0,1,0,0,0,0,0,0
0,3,0.4426966292134832,-0.2210605640634745,1,1,0,1,0,1,0,0,0,0,0,0,0,1
1,2,0.3679775280898877,-0.1712545908114476,1,1,0,1,0,1,0,0,0,0,0,0,0,1
0,3,0.4,-0.3120106021758714,1,1,0,1,0,1,0,0,0,0,0,0,0,1
0,2,0.33932584269662924,-0.06298073591573695,1,1,0,1,0,1,0,0,0,0,0,0,0,1
0,3,0.0,0.4769463308156052,0,0,0,0,0,1,0,0,0,0,0,0,0,1
1,1,0.7460674157303371,2.9892592335943453,0,0,1,1,0,1,0,1,0,0,0,0,0,0
0,3,0.6179775280898877,-0.2892730926477721,1,1,0,1,0,1,0,0,0,0,0,0,0,1
0,2,0.9696629213483147,-0.041325964936594836,1,1,0,1,0,1,0,0,0,0,0,0,0,1
1,3,0.2449438202247191,0.7333734668422146,0,0,0,0,0,1,0,0,0,0,0,0,0,1
0,2,0.49213483146067416,-0.1712545908114476,1,1,0,1,0,1,0,0,0,0,0,0,0,1
0,3,0.0,-0.2990177395883861,0,1,0,1,0,1,0,0,0,0,0,0,0,1
0,2,0.8657303370786518,0.5000433095419583,1,0,1,1,0,1,0,0,0,0,0,0,0,1
1,2,0.2561797752808989,0.5108706950315294,0,1,0,0,0,1,0,0,0,0,0,0,0,1
0,2,0.3679775280898877,-0.1712545908114476,1,1,0,1,0,1,0,0,0,0,0,0,0,1
0,2,0.7095505617977529,-0.09438015383549303,1,1,0,1,0,1,0,0,0,0,0,0,0,1
0,3,0.0,0.0,0,0,1,1,0,0,0,0,0,0,0,0,0,1
1,3,0.0,0.04529311897997366,0,0,1,1,1,0,0,0,0,0,0,0,0,1
0,2,0.6179775280898877,-0.1712545908114476,1,1,0,1,0,1,0,0,0,0,0,0,0,1
0,3,0.4426966292134832,-0.31742429492065694,1,1,0,1,0,1,0,0,0,0,0,0,0,1
0,3,0.6438202247191012,-0.31309334072482853,1,1,0,1,0,0,0,0,0,0,0,0,0,1
0,1,0.8657303370786518,3.27185399487215,1,0,0,1,1,0,0,1,0,0,0,0,0,0
0,3,0.5230337078651686,-0.2892730926477721,0,1,0,1,0,1,0,0,0,0,0,0,0,1
1,2,0.49213483146067416,0.001983577021689412,0,1,0,0,0,1,0,0,0,0,0,0,0,1
1,1,0.7859550561797753,1.6500935486106298,1,0,1,0,0,1,0,0,1,0,0,0,0,0
0,2,0.9483146067415731,0.5000433095419583,1,0,1,1,0,1,0,0,0,0,0,0,0,1
0,3,0.0,-0.3120106021758714,1,1,0,1,0,1,0,0,0,0,0,0,0,1
0,3,0.6179775280898877,-0.17287869863488323,0,0,1,0,0,1,0,0,0,0,0,1,0,0
0,1,0.9808988764044945,0.5238635576190146,1,1,0,1,0,1,0,1,0,0,0,0,0,0
0,3,0.6438202247191012,0.07127884415494427,1,0,1,1,0,1,0,0,0,0,0,0,0,1
0,3,0.8370786516853933,0.24938933545838812,0,1,0,0,0,1,0,0,0,0,0,0,0,1
1,3,0.6179775280898877,0.03428383341417777,0,1,0,0,0,0,0,0,0,0,0,0,0,1
1,1,0.0,2.8041109417226804,0,1,0,1,0,0,0,0,0,0,0,0,0,1
1,1,0.6438202247191012,3.120270598018155,0,1,0,1,0,1,1,0,0,0,0,0,0,0
1,1,0.7460674157303371,21.56273820248077,0,1,0,1,0,0,0,0,0,0,0,0,0,1
1,2,0.9224719101123596,0.5000433095419583,0,1,0,0,0,1,0,0,0,0,0,0,0,1
0,3,0.0,-0.29035583119672925,1,1,0,1,1,0,0,0,0,0,0,0,0,1
1,3,0.22808988764044946,0.7333734668422146,1,0,0,0,0,1,0,0,0,0,0,0,0,1
0,1,0.9398876404494383,2.8236002356039083,1,0,1,0,0,1,0,0,0,1,0,0,0,0
0,1,0.8247191011235955,-0.6260047813734322,1,1,0,1,0,1,1,0,0,0,0,0,0,0
0,3,0.0,-0.29035583119672925,0,1,0,1,1,0,0,0,0,0,0,0,0,1
0,2,0.7691011235955056,-0.1712545908114476,1,1,0,1,0,1,0,0,0,0,0,0,0,1
0,3,0.301123595505618,1.092842665095974,1,0,0,0,0,1,0,0,0,0,0,0,0,1
1,3,0.5230337078651686,-0.2892730926477721,1,0,1,1,0,1,0,0,0,0,0,0,0,1
1,1,0.9657303370786517,6.020385801399765,0,1,0,0,0,1,0,1,0,0,0,0,0,0
1,1,0.7460674157303371,5.248211315917122,0,1,0,1,0,1,0,1,0,0,0,0,0,0
0,1,0.0,0.7165910193333795,1,1,0,1,0,1,0,0,0,0,0,0,0,1
1,3,0.5230337078651686,-0.6260047813734322,1,1,0,1,0,1,0,0,0,0,0,0,0,1
1,2,0.8370786516853933,0.21853128681311065,0,1,0,0,0,1,0,0,0,0,0,0,0,1
0,1,0.7859550561797753,0.6602886147876099,1,1,0,0,0,0,0,1,0,0,0,0,0,0
1,3,0.0,-0.29035583119672925,0,1,0,1,1,0,0,0,0,0,0,0,0,1
1,1,0.9842696629213484,2.7503334834730784,0,0,1,1,0,1,0,0,1,0,0,0,0,0
0,3,0.8780898876404495,-0.29035583119672925,0,1,0,1,0,1,0,0,0,0,0,0,0,1
0,2,0.0,-0.6260047813734322,1,1,0,1,0,1,0,0,0,0,0,0,0,1
0,3,0.25280898876404495,0.6353856281615965,1,0,0,0,1,0,0,0,0,0,0,0,0,1
1,3,0.7460674157303371,0.25101344328182384,0,0,1,0,0,1,0,0,0,0,0,0,0,1
0,3,0.9893258426966294,-0.29035583119672925,1,1,0,1,1,0,0,0,0,0,0,0,0,1
0,3,0.5910112359550562,-0.2858429769246761,1,1,0,1,0,1,0,0,0,0,0,0,0,1
0,3,0.301123595505618,-0.21456413276973182,1,1,0,1,0,1,0,0,0,0,0,0,0,1
1,3,0.3679775280898877,-0.277362968609244,1,1,0,1,0,1,0,0,0,0,0,0,0,1
0,1,0.0,0.5000433095419583,1,1,0,1,0,1,0,0,0,0,0,0,0,0
0,3,0.7095505617977529,-0.2508358741597949,1,1,0,1,0,0,0,0,0,0,0,0,0,1
1,3,0.6438202247191012,-0.21456413276973182,1,1,0,1,0,1,0,0,0,0,0,0,0,1
0,3,0.4426966292134832,-0.2840412999792114,1,1,0,1,0,1,0,0,0,0,0,0,0,1
1,2,0.8483146067415731,-0.06298073591573695,1,1,0,1,0,1,0,0,0,0,0,0,0,1
1,3,0.4426966292134832,-0.29035583119672925,0,1,0,1,1,0,0,0,0,0,0,0,0,1
1,1,0.5466292134831461,2.7889526020372806,0,1,0,1,0,1,0,0,0,0,0,0,0,1
1,1,0.3679775280898877,3.3185936525535307,0,0,1,1,0,0,1,0,0,0,0,0,0,0
0,2,0.7691011235955056,-0.06839442866052249,1,1,0,1,0,0,0,0,1,0,0,0,0,0
0,3,0.49213483146067416,-0.2427153350426166,0,1,0,1,0,1,0,0,0,0,0,0,0,1
0,3,0.49213483146067416,-0.2840412999792114,1,1,0,1,0,1,0,0,0,0,0,0,0,1
0,1,0.0,0.5745703693437738,1,1,0,1,0,0,0,0,0,0,0,0,0,1
0,3,0.47528089887640457,-0.3129114406486037,1,1,0,1,0,0,0,0,0,0,0,0,0,1
0,1,0.21910112359550565,5.937556302404546,0,0,1,0,0,1,0,1,0,0,0,0,0,0
1,1,0.0,0.6949362483542374,1,1,0,1,0,1,0,1,0,0,0,0,0,0
1,1,0.9224719101123596,10.094007691774651,0,1,0,0,0,0,1,0,0,0,0,0,0,0
1,3,0.0,-0.29035583119672925,0,1,0,1,1,0,0,0,0,0,0,0,0,1
1,3,0.0,0.38094206915667655,1,0,0,1,1,0,0,0,0,0,0,0,0,1
0,3,0.3679775280898877,-0.6260047813734322,1,1,0,1,0,1,0,0,0,0,0,0,0,1
1,2,0.0,-0.09113193818862174,0,1,0,1,1,0,0,0,0,1,0,0,0,0
0,3,0.0,-0.277362968609244,1,1,0,1,0,1,0,0,0,0,0,0,0,1
1,1,0.20561797752808988,5.937556302404546,1,0,1,0,0,1,0,1,0,0,0,0,0,0
1,1,0.0,4.1763001524495875,0,1,0,1,0,0,0,0,0,0,0,0,0,1
1,1,0.31797752808988766,4.090404337883722,0,0,1,1,0,0,0,1,0,0,0,0,0,0
0,2,0.6438202247191012,0.4134242256253898,1,0,1,1,0,0,0,0,0,0,0,0,0,1
1,1,0.6438202247191012,1.8395727946781235,0,1,0,1,0,0,0,0,0,1,0,0,0,0
1,1,0.49213483146067416,2.9755431016561564,0,1,0,1,0,0,0,1,0,0,0,0,0,0
1,1,0.33932584269662924,10.737336289931397,0,0,0,0,0,0,1,0,0,0,0,0,0,0
0,2,0.5466292134831461,0.5000433095419583,0,0,1,0,0,1,0,0,0,0,0,0,0,1
0,3,0.5910112359550562,-0.2840412999792114,1,1,0,1,0,1,0,0,0,0,0,0,0,1
0,2,0.8578651685393259,0.5108706950315294,1,0,1,0,0,1,0,0,0,0,0,0,0,1
1,3,0.5466292134831461,-0.2858429769246761,0,1,0,1,0,1,0,0,0,0,0,0,0,1
1,2,0.49213483146067416,0.5000433095419583,0,0,1,1,0,1,0,0,0,0,0,0,0,1
0,2,0.9483146067415731,-0.01967119395745271,1,1,0,1,0,1,0,0,0,0,0,0,0,1
1,1,0.6696629213483147,6.51429647980043,0,1,0,0,0,1,0,1,0,0,0,0,0,0
1,1,0.8247191011235955,5.199128612015799,0,0,1,0,0,0,0,0,0,1,0,0,0,0
0,3,0.4426966292134832,-0.3120106021758714,1,1,0,1,0,1,0,0,0,0,0,0,0,1
0,3,0.5662921348314607,-0.2840412999792114,1,1,0,1,0,1,0,0,0,0,0,0,0,1
1,2,0.6438202247191012,-0.09113193818862174,0,1,0,1,1,0,0,0,0,0,0,0,0,1
1,2,0.4426966292134832,0.629971935416811,0,0,1,0,0,1,0,0,0,0,0,0,0,1
0,3,0.0,2.3861738618252373,1,0,0,0,0,1,0,0,0,0,0,0,0,1
1,1,0.7691011235955056,5.248211315917122,0,1,0,1,0,0,0,1,0,0,0,0,0,0
0,3,0.9769662921348315,-0.35586151340863414,1,1,0,1,0,1,0,0,0,0,0,0,0,1
1,2,0.7691011235955056,-0.06298073591573695,0,1,0,1,0,1,0,0,1,0,0,0,0,0
1,3,0.6696629213483147,0.26292356732035194,0,0,1,0,0,1,0,0,0,0,0,0,0,1
1,1,0.301123595505618,1.8850478137343218,0,1,0,0,0,0,1,0,0,0,0,0,0,0
1,3,0.0,0.38094206915667655,0,0,0,1,1,0,0,0,0,0,0,0,0,1
0,1,0.8859550561797753,0.6083171644376689,1,1,0,1,0,1,0,1,0,0,0,0,0,0
0,1,0.7949438202247192,6.020385801399765,1,1,0,0,0,1,0,1,0,0,0,0,0,0
0,3,0.301123595505618,0.15356697387568427,1,0,0,1,0,1,0,0,0,0,0,0,0,1
1,1,0.0,5.162315501351258,0,0,1,1,0,1,0,0,0,0,0,0,0,1
0,3,0.0,-0.2840412999792114,1,1,0,1,0,1,0,0,0,0,0,0,0,1
0,1,0.6179775280898877,2.2584107130482987,1,0,1,1,0,1,0,1,0,0,0,0,0,0
1,1,0.8370786516853933,5.199128612015799,0,1,0,1,0,0,0,0,0,1,0,0,0,0
1,3,0.8780898876404495,-0.277362968609244,1,1,0,1,0,1,0,0,0,0,0,0,0,1
0,1,0.8780898876404495,0.9114839581456586,1,1,0,1,0,1,0,0,0,0,0,0,1,0
1,2,0.21910112359550565,0.5000433095419583,1,0,1,0,0,1,0,0,0,0,1,0,0,0
1,1,0.49213483146067416,10.764404753655324,0,0,0,0,0,1,0,1,0,0,0,0,0,0
0,2,0.5910112359550562,-0.06298073591573695,1,1,0,1,0,1,0,0,0,0,0,0,0,1
0,2,0.5230337078651686,-0.06298073591573695,1,1,0,1,0,1,0,0,0,0,0,0,0,1
0,2,0.7691011235955056,-0.06298073591573695,1,1,0,1,0,1,0,0,0,0,0,0,0,1
1,2,0.49213483146067416,-0.06298073591573695,0,1,0,1,0,1,0,0,0,0,1,0,0,0
1,2,0.8247191011235955,-0.06298073591573695,0,1,0,1,0,1,0,0,0,0,0,0,0,1
1,3,0.0,0.07127884415494427,0,0,1,1,0,1,0,0,0,0,0,0,0,1
1,3,0.22808988764044946,0.06261693576328738,1,0,1,0,0,1,0,0,0,0,0,0,0,1
0,3,0.8483146067415731,-0.2508358741597949,1,1,0,1,0,1,0,0,0,0,0,0,0,1
0,3,0.4662921348314607,-0.22647425680826,1,1,0,1,0,1,0,0,0,0,0,0,0,1
0,1,0.0,0.8898291871665165,1,1,0,1,0,1,0,1,0,0,0,0,0,0
0,3,0.28876404494382024,-0.3129114406486037,1,0,1,0,0,0,0,0,0,0,0,0,0,1
0,3,0.5230337078651686,0.14490506548402746,1,0,1,1,0,1,0,0,0,0,0,0,0,1
0,3,0.0,-0.31309334072482853,1,1,0,1,0,0,0,0,0,0,0,0,0,1
0,3,0.5910112359550562,-0.21456413276973182,1,1,0,1,0,1,0,0,0,0,0,0,0,1
1,1,0.4426966292134832,1.7560200263322014,0,1,0,0,0,1,0,0,0,1,0,0,0,0
0,2,0.7949438202247192,-0.06298073591573695,0,1,0,1,0,1,0,0,0,0,0,0,0,1
1,3,0.0,-0.28476023837571895,0,1,0,1,1,0,0,0,0,0,0,0,0,1
1,3,0.0,-0.28476023837571895,0,1,0,1,1,0,0,0,0,0,0,0,0,1
0,3,0.8247191011235955,0.5823314392626983,1,0,1,0,0,1,0,0,0,0,0,0,0,1
0,2,0.6179775280898877,0.5745703693437738,1,0,1,1,0,0,0,0,0,0,0,0,0,1
0,3,0.8780898876404495,0.0,0,1,0,0,0,0,0,0,0,0,0,0,0,1
0,3,0.7460674157303371,-0.32067251056752827,1,1,0,1,0,1,0,0,0,0,0,0,0,1
0,3,0.0,0.04529311897997366,1,0,1,1,1,0,0,0,0,0,0,0,0,1
0,3,0.6438202247191012,-0.3120106021758714,1,1,0,1,0,1,0,0,0,0,0,0,0,1
1,1,0.9730337078651686,2.6330382509874575,0,0,1,1,0,0,0,0,1,0,0,0,0,0
1,3,0.0,-0.3129114406486037,0,1,0,1,0,0,0,0,0,0,0,0,0,1
1,3,0.0,-0.29035583119672925,0,1,0,1,1,0,0,0,0,0,0,0,0,1
1,1,0.49213483146067416,2.375346476335666,0,1,0,1,0,0,1,0,0,0,0,0,0,0
1,1,0.5230337078651686,1.7751498510151755,1,0,1,1,0,0,0,0,0,1,0,0,0,0
0,3,0.33932584269662924,-0.3446746587208094,1,0,1,1,0,1,0,0,0,0,0,0,0,1
0,3,0.3679775280898877,-0.277362968609244,1,1,0,1,0,1,0,0,0,0,0,0,0,1
0,1,0.4426966292134832,5.248211315917122,1,1,0,1,0,0,0,0,0,0,0,0,0,1
0,3,0.22808988764044946,0.2867438153974083,0,0,0,0,0,1,0,0,0,0,0,0,0,1
1,1,0.0,2.9327749289723513,0,0,1,1,0,0,0,0,0,0,0,0,0,1
1,3,0.4426966292134832,-0.3120106021758714,0,1,0,1,0,1,0,0,0,0,0,0,0,1
0,1,0.5662921348314607,8.533963342803686,1,1,0,0,0,0,0,1,0,0,0,0,0,0
0,3,0.3904494382022472,-0.4522252442658167,1,1,0,1,0,0,0,0,0,0,0,0,0,1
0,3,0.3679775280898877,-0.2892730926477721,1,1,0,1,0,1,0,0,0,0,0,0,0,1
1,1,0.8483146067415731,9.227998752685192,0,1,0,1,0,0,0,0,0,0,0,0,0,1
1,3,0.20955056179775283,0.055761035271290955,0,1,0,0,0,0,0,0,0,0,0,0,0,1
0,3,0.6893258426966293,-0.2827766613540295,1,1,0,1,0,1,0,0,0,0,0,0,0,1
1,1,0.7460674157303371,1.6260914004573488,0,0,1,1,0,1,0,0,0,0,0,0,0,1
0,3,0.0,-0.2840412999792114,1,1,0,1,0,1,0,0,0,0,0,0,0,1
0,2,0.33932584269662924,2.55724655256046,1,1,0,1,0,1,0,0,0,0,0,0,0,1
0,3,0.20955056179775283,1.405212736470099,1,0,0,0,0,1,0,0,0,0,0,0,0,1
1,2,0.7691011235955056,-0.06298073591573695,0,1,0,1,0,1,0,0,0,0,0,0,0,1
0,3,0.0,-0.29125666966946157,1,1,0,1,1,0,0,0,0,0,0,0,0,1
1,2,0.31797752808988766,-0.1062902778740212,0,1,0,1,0,0,0,0,0,0,0,0,0,1
1,1,0.7691011235955056,4.571140253620677,1,0,1,0,0,1,1,0,0,0,0,0,0,0
1,3,0.41348314606741576,-0.28837225417503987,1,1,0,1,0,1,0,0,0,0,0,0,0,1
0,3,0.5910112359550562,-0.2827766613540295,1,0,0,1,0,1,0,0,0,0,0,0,0,1
1,1,0.4662921348314607,4.279883583951216,0,0,1,1,0,0,0,0,1,0,0,0,0,0
1,3,0.49213483146067416,0.09726456932991473,0,1,0,0,0,1,0,0,0,0,0,1,0,0
0,3,0.4426966292134832,-0.28837225417503987,1,1,0,1,0,1,0,0,0,0,0,0,0,1
0,3,0.6696629213483147,-0.2858429769246761,0,1,0,1,0,1,0,0,0,0,0,0,0,1
0,2,0.8887640449438203,0.5000433095419583,1,1,0,1,0,1,0,0,0,0,0,0,0,1
0,2,0.4662921348314607,-0.1712545908114476,1,1,0,1,0,1,0,0,0,0,0,0,0,1
1,2,0.5910112359550562,-0.07813907560113643,0,1,0,1,0,1,0,0,0,0,0,0,0,1
1,3,0.8089887640449438,-0.2827766613540295,1,1,0,1,0,1,0,0,0,0,0,0,0,1
0,3,0.5466292134831461,-0.277362968609244,1,1,0,1,0,1,0,0,0,0,0,0,0,1
0,3,0.41348314606741576,-0.20048853163328947,0,0,1,1,0,1,0,0,0,0,0,0,0,1
0,3,0.5910112359550562,0.06045145866537313,1,0,1,1,0,1,0,0,0,0,0,0,0,1
0,3,0.3904494382022472,-0.2508358741597949,0,1,0,1,0,1,0,0,0,0,0,0,0,1
0,2,0.7264044943820225,0.283495599750537,1,0,1,1,0,1,0,0,0,0,0,0,0,1
0,3,0.9320224719101124,-0.29035583119672925,1,1,0,1,0,1,0,0,0,0,0,0,0,1
1,2,0.22808988764044946,0.18604913034439746,1,0,1,0,0,1,0,0,0,0,0,0,0,1
0,3,0.41348314606741576,-0.2892730926477721,1,1,0,1,0,1,0,0,0,0,0,0,0,1
0,3,0.0,0.4769463308156052,0,0,0,0,0,1,0,0,0,0,0,0,0,1
0,3,0.0,-0.2840412999792114,1,1,0,1,0,1,0,0,0,0,0,0,0,1
0,3,0.0,-0.32897494976093133,1,1,0,1,1,0,0,0,0,0,0,0,0,1
1,1,0.7095505617977529,3.27185399487215,0,0,1,1,1,0,0,1,0,0,0,0,0,0
0,2,0.0,-0.6260047813734322,1,1,0,1,0,1,0,0,0,0,0,0,0,1
1,3,0.8657303370786518,-0.2827766613540295,1,1,0,1,0,1,0,0,0,0,0,0,0,1
0,3,0.0,-0.277362968609244,0,1,0,1,0,1,0,0,0,0,0,0,0,1
1,2,0.7264044943820225,0.7815553322708059,0,0,1,0,0,1,0,0,0,0,0,0,0,1
1,2,0.33932584269662924,-0.06298073591573695,0,1,0,0,0,1,0,0,0,0,0,0,0,1
0,2,0.6438202247191012,-0.06298073591573695,1,1,0,1,0,1,0,0,0,0,0,0,0,1
0,3,0.26853932584269663,0.41992065691913233,0,1,0,0,0,1,0,0,0,0,0,0,0,1
0,3,0.0,-0.2840412999792114,1,1,0,1,0,0,0,0,0,0,0,0,0,1
0,3,0.41348314606741576,-0.29107910054743263,1,1,0,1,1,0,0,0,0,0,0,0,0,1
0,3,0.6179775280898877,-0.2849421384519437,1,1,0,1,0,1,0,0,0,0,0,0,0,1
0,3,0.5910112359550562,-0.002347377174138998,0,0,1,0,0,1,0,0,0,0,0,0,0,1
0,3,0.33932584269662924,0.24938933545838812,1,0,1,0,0,1,0,0,0,0,0,0,0,1
0,3,0.0,-0.3120106021758714,1,1,0,1,0,1,0,0,0,0,0,0,0,1
1,2,0.5910112359550562,0.5000433095419583,0,0,1,1,0,1,0,0,0,0,0,0,0,1
1,2,0.3679775280898877,0.5000433095419583,0,1,0,1,0,1,0,0,0,0,0,0,0,1
0,3,0.0,-0.29035583119672925,1,1,0,1,1,0,0,0,0,0,0,0,0,1
1,3,0.6893258426966293,-0.277362968609244,1,1,0,1,0,1,0,0,0,1,0,0,0,0
1,1,0.5910112359550562,0.5238635576190146,1,1,0,1,0,1,0,1,0,0,0,0,0,0
1,3,0.0,0.07127884415494427,0,0,1,1,0,1,0,0,0,0,0,0,0,1
1,2,0.8483146067415731,0.5000433095419583,0,0,1,1,0,1,0,0,0,0,0,0,0,1
0,3,0.31797752808988766,-0.31742429492065694,1,1,0,1,0,1,0,0,0,0,0,0,0,1
0,1,0.9224719101123596,1.7949986140946572,1,0,1,1,0,1,0,0,0,1,0,0,0,0
1,1,0.2808988764044944,4.571140253620677,0,0,1,0,0,1,1,0,0,0,0,0,0,0
0,3,0.41348314606741576,0.8627607234425888,0,0,0,0,0,1,0,0,0,0,0,0,0,1
1,2,0.49213483146067416,0.18604913034439746,0,0,0,0,0,1,0,0,0,0,0,0,0,1
0,1,0.9870786516853933,10.764404753655324,1,0,1,0,0,1,0,1,0,0,0,0,0,0
0,2,0.6696629213483147,-0.1712545908114476,1,1,0,1,0,1,0,0,0,0,0,0,0,1
1,2,0.8780898876404495,0.5108706950315294,0,0,1,0,0,1,0,0,0,0,0,0,0,1
0,3,0.3904494382022472,-0.21456413276973182,1,1,0,1,0,1,0,0,0,0,0,0,0,1
0,3,0.5230337078651686,-0.2892730926477721,1,0,1,1,0,1,0,0,0,0,0,0,0,1
1,2,0.5910112359550562,-0.06298073591573695,0,1,0,1,0,1,0,0,0,0,0,0,0,1
1,3,0.0,-0.2746561222368512,1,1,0,1,0,1,0,0,0,0,0,0,0,1
1,1,0.23707865168539327,2.919240697110387,1,1,0,0,0,1,0,0,0,0,0,0,0,0
1,2,0.27640449438202247,0.21853128681311065,0,1,0,0,0,1,0,0,0,0,0,0,0,1
1,1,0.7264044943820225,0.5238635576190146,1,1,0,1,0,1,0,0,0,0,0,0,0,1
1,3,0.2449438202247191,0.20806337052179327,0,0,0,0,0,0,0,0,0,0,0,0,0,1
1,1,0.9398876404494383,0.6949362483542374,1,1,0,1,0,1,0,1,0,0,0,0,0,0
0,2,0.7691011235955056,0.5758350079689557,1,0,1,0,0,1,0,0,0,0,0,0,0,1
0,3,0.0,0.2387438500450419,1,0,1,1,0,1,0,0,0,0,0,0,0,1
0,1,0.6438202247191012,0.5758350079689557,1,1,0,1,0,0,0,1,0,0,0,0,0,0
1,1,0.9140449438202247,3.2330573071859194,1,0,1,1,0,0,0,1,0,0,0,0,0,0
0,3,0.0,-0.277362968609244,1,1,0,1,0,1,0,0,0,0,0,0,0,1
1,3,0.6179775280898877,-0.2840412999792114,1,1,0,1,0,0,0,0,0,0,0,0,0,1
0,1,0.9893258426966294,0.5238635576190146,1,1,0,1,0,1,0,0,0,1,0,0,0,0
1,1,0.0,1.6201363384380845,0,0,1,1,0,1,0,0,1,0,0,0,0,0
1,2,0.9224719101123596,-0.1712545908114476,0,1,0,1,0,1,0,0,0,0,0,0,0,1
0,3,0.0,-0.29035583119672925,1,1,0,1,1,0,0,0,0,0,0,0,0,1
1,1,0.905056179775281,0.5238635576190146,1,1,0,1,0,1,0,0,0,1,0,0,0,0
0,3,0.7264044943820225,-0.277362968609244,1,1,0,1,0,1,0,0,0,0,0,0,0,1
0,1,0.8949438202247192,1.0414125840205113,1,1,0,1,0,1,0,0,0,1,0,0,0,0
0,2,0.905056179775281,-0.06298073591573695,1,1,0,1,0,1,0,0,0,0,0,0,0,1
0,3,0.0,-0.277362968609244,1,1,0,1,0,1,0,0,0,0,0,0,0,1
0,3,0.7949438202247192,-0.32067251056752827,1,1,0,1,0,1,0,0,0,0,0,0,0,1
0,2,0.0,-0.6260047813734322,1,1,0,1,0,1,0,0,0,0,0,0,0,1
0,1,0.958426966292135,0.5238635576190146,1,1,0,1,0,1,0,0,0,0,0,0,0,1
0,3,0.0,-0.2914385697456864,1,1,0,1,1,0,0,0,0,0,0,0,0,1
1,3,0.201123595505618,0.20806337052179327,0,0,0,0,0,0,0,0,0,0,0,0,0,1
0,3,0.0,-0.3120106021758714,1,1,0,1,0,1,0,0,0,0,0,0,0,1
0,3,0.7949438202247192,-0.2508358741597949,1,1,0,1,0,1,0,0,0,0,0,0,0,1
1,2,0.7095505617977529,0.5758350079689557,0,0,1,0,0,1,0,0,0,0,0,0,0,1
1,2,0.4662921348314607,-0.028692571547363297,0,1,0,1,0,0,0,0,1,0,0,0,0,0
0,3,0.4426966292134832,-0.19994716235881088,0,1,0,1,0,1,0,0,0,0,0,0,0,1
0,1,0.0,1.6260914004573488,1,1,0,1,0,1,0,0,0,0,0,0,0,0
0,2,0.7264044943820225,0.283495599750537,1,0,1,1,0,1,0,0,0,0,0,0,0,1
0,3,0.6179775280898877,-0.32085441064375303,1,0,1,1,0,1,0,0,0,0,0,0,0,1
0,3,0.4426966292134832,-0.300282378213568,1,1,0,1,0,1,0,0,0,0,0,0,0,1
1,3,0.21910112359550565,-0.09383878456101451,0,1,0,0,0,1,0,0,0,0,0,0,0,1
0,3,0.26348314606741574,1.405212736470099,1,0,0,0,0,1,0,0,0,0,0,0,0,1
0,2,0.0,-0.6260047813734322,1,1,0,1,0,1,0,0,0,0,0,0,0,1
0,3,0.9224719101123596,-0.277362968609244,1,1,0,1,0,1,0,0,0,0,0,0,0,1
1,3,0.9842696629213484,-0.21077454784838193,0,1,0,1,0,1,0,0,0,0,0,0,0,1
1,1,0.5230337078651686,3.3185936525535307,1,0,1,1,0,0,1,0,0,0,0,0,0,0
0,3,0.0,0.4769463308156052,0,0,0,0,0,1,0,0,0,0,0,0,0,1
1,1,0.7460674157303371,3.27185399487215,0,0,1,1,0,1,0,1,0,0,0,0,0,0
0,1,0.9657303370786517,0.6602886147876099,1,1,0,1,0,0,1,0,0,0,0,0,0,0
0,3,0.6438202247191012,-0.277362968609244,1,1,0,1,0,1,0,0,0,0,0,0,0,1
1,3,0.26348314606741574,0.06261693576328738,1,0,1,0,0,1,0,0,0,0,0,0,0,1
0,3,0.0,0.2387438500450419,1,0,1,1,0,1,0,0,0,0,0,0,0,1
0,3,0.41348314606741576,-0.3120106021758714,1,1,0,1,0,1,0,0,0,0,0,0,0,1
0,1,0.953932584269663,0.6949362483542374,1,1,0,1,0,1,0,1,0,0,0,0,0,0
0,1,0.9966292134831461,1.5179994456378627,1,1,0,1,0,0,0,0,0,0,0,0,0,1
0,3,0.41348314606741576,-0.277362968609244,1,1,0,1,0,1,0,0,0,0,0,0,0,1
0,3,0.0,0.00017756912202893625,1,1,0,1,0,0,0,0,0,0,0,0,0,1
1,1,0.9483146067415731,2.7636901462130137,0,0,1,1,0,0,0,0,1,0,0,0,0,0
0,3,0.0,0.027969302196659943,1,1,0,1,0,1,0,0,0,0,0,0,0,1
0,1,0.5230337078651686,5.937556302404546,0,0,1,0,0,1,0,1,0,0,0,0,0,0
0,3,0.49213483146067416,-0.28837225417503987,1,1,0,1,0,1,0,0,0,0,0,0,0,1
0,3,0.31797752808988766,-0.2508358741597949,1,1,0,1,0,1,0,0,0,0,0,0,0,1
0,3,0.41348314606741576,-0.29035583119672925,0,1,0,1,1,0,0,0,0,0,0,0,0,1
0,3,0.0,-0.29558762386529,0,1,0,1,1,0,0,0,0,0,0,0,0,1
0,3,0.7859550561797753,-0.21077454784838193,0,1,0,1,0,1,0,0,0,0,0,0,0,1
1,1,0.301123595505618,3.120270598018155,0,1,0,1,0,1,1,0,0,0,0,0,0,0
0,1,0.33932584269662924,4.090404337883722,1,0,1,1,0,0,0,1,0,0,0,0,0,0
1,2,0.7095505617977529,0.5000433095419583,0,1,0,0,0,1,0,0,0,0,0,0,0,1
1,1,0.0,0.5238635576190146,1,1,0,1,0,1,0,0,0,0,0,0,0,1
0,3,0.5910112359550562,0.34954265123692047,1,1,0,1,0,1,0,0,0,0,0,0,0,1
1,3,0.5466292134831461,1.8208024391934032,1,1,0,1,0,1,0,0,0,0,0,0,0,1
1,3,0.6179775280898877,-0.29035583119672925,1,1,0,1,1,0,0,0,0,0,0,0,0,1
0,3,0.0,-0.277362968609244,1,1,0,1,0,1,0,0,0,0,0,0,0,1
1,1,0.7691011235955056,0.5124948028549651,1,1,0,1,0,1,0,0,0,1,0,0,0,0
1,1,0.9483146067415731,1.946582010948652,0,0,1,1,0,0,0,0,0,0,0,0,0,1
0,3,0.49213483146067416,-0.30136511676252514,1,1,0,1,0,1,0,0,0,0,0,0,0,1
0,1,0.8949438202247192,0.8474204836809646,1,1,0,1,0,1,0,0,1,0,0,0,0,0
1,2,0.7264044943820225,-0.1712545908114476,0,1,0,1,0,1,0,0,0,0,1,0,0,0
0,3,0.0,0.41992065691913233,1,1,0,1,1,0,0,0,0,0,0,0,0,1
1,2,0.7691011235955056,0.5000433095419583,0,0,1,1,0,1,0,0,0,0,0,0,0,1
0,3,0.6893258426966293,-0.2840412999792114,1,1,0,1,0,1,0,0,0,0,0,0,0,1
1,1,0.6438202247191012,3.423437391726145,0,1,0,1,0,1,1,0,0,0,0,0,0,0
0,3,0.4426966292134832,-0.2840412999792114,1,1,0,1,0,1,0,0,0,0,0,0,0,1
0,3,0.0,-0.31309334072482853,1,1,0,1,0,0,0,0,0,0,0,0,0,1
1,1,0.8657303370786518,1.8850478137343218,0,1,0,0,0,0,1,0,0,0,0,0,0,0
0,3,0.0,-0.3129114406486037,1,1,0,1,0,0,0,0,0,0,0,0,0,1
0,3,0.8325842696629214,-0.29035583119672925,1,1,0,1,1,0,0,0,0,0,0,0,0,1
1,2,0.9224719101123596,-0.1712545908114476,0,1,0,1,0,1,0,0,0,0,0,0,0,1
0,1,0.0,8.97915078650128,1,1,0,1,0,1,0,1,0,0,0,0,0,0
0,3,0.8089887640449438,-0.2827766613540295,1,1,0,1,0,1,0,0,0,0,0,0,0,1
0,2,0.4662921348314607,-0.12794504885316332,1,0,0,0,0,1,0,0,0,0,0,0,0,1
1,2,0.21910112359550565,0.5000433095419583,0,0,1,0,0,1,0,0,0,0,0,0,0,1
0,3,0.0,-0.3129114406486037,1,1,0,1,0,0,0,0,0,0,0,0,0,1
0,3,0.31797752808988766,-0.3129114406486037,1,0,1,0,0,0,0,0,0,0,0,0,0,1
1,3,0.0,0.34232295059247453,0,1,0,0,0,0,0,0,0,0,0,0,0,1
0,3,0.6438202247191012,-0.2508358741597949,0,1,0,1,0,1,0,0,0,0,0,0,0,1
1,2,0.25280898876404495,0.5108706950315294,0,1,0,0,0,1,0,0,0,0,0,0,0,1
0,1,0.8780898876404495,0.5238635576190146,1,1,0,1,0,1,1,0,0,0,0,0,0,0
1,1,0.6438202247191012,3.983213221536969,0,1,0,1,0,0,0,0,0,0,0,0,0,1
0,3,0.0,0.001983577021689412,1,1,0,1,0,1,0,0,0,0,0,0,0,1
1,1,0.4426966292134832,1.517817545561638,0,1,0,0,0,0,1,0,0,0,0,0,0,0
1,1,0.7691011235955056,2.4489726976647495,0,1,0,0,0,1,1,0,0,0,0,0,0,0
0,3,0.26348314606741574,0.7285011433719076,0,0,0,0,0,1,0,0,0,0,0,0,0,1
0,3,0.2724719101123596,0.7285011433719076,0,0,0,0,0,1,0,0,0,0,0,0,0,1
1,2,0.6893258426966293,0.5000433095419583,1,0,1,1,0,1,0,0,0,0,0,0,0,1
0,1,0.9224719101123596,3.983213221536969,1,0,1,1,0,0,0,1,0,0,0,0,0,0
0,1,0.9870786516853933,0.5000433095419583,1,1,0,1,0,1,0,0,0,0,0,0,0,1
1,2,0.3679775280898877,0.5000433095419583,0,0,1,1,0,1,0,0,0,0,0,0,0,1
1,2,0.0,-0.025626255976716767,1,1,0,1,0,0,0,0,0,0,0,0,0,1
0,3,0.7095505617977529,0.26292356732035194,1,0,1,0,0,1,0,0,0,0,0,0,0,1
1,2,0.2561797752808989,0.9656208855935139,1,0,1,0,0,1,0,0,0,0,0,0,0,1
1,1,0.31797752808988766,4.1763001524495875,1,1,0,0,0,0,0,1,0,0,0,0,0,0
0,2,0.5662921348314607,0.5000433095419583,1,1,0,1,0,1,0,0,0,0,0,0,0,1
0,3,0.0,-0.28692571547363316,1,1,0,1,1,0,0,0,0,0,0,0,0,1
1,3,0.4426966292134832,-0.31309334072482853,1,1,0,1,0,0,0,0,0,0,0,0,0,1
1,3,0.4426966292134832,-0.2892730926477721,0,1,0,1,0,1,0,0,0,0,0,0,0,1
0,1,0.9808988764044945,0.5238635576190146,1,1,0,1,0,1,0,0,0,0,0,0,0,1
1,1,0.905056179775281,1.089053080174624,0,0,1,1,0,0,0,0,0,0,0,0,0,0
0,1,0.0,9.227998752685192,1,1,0,1,0,0,0,0,0,0,0,0,0,1
1,1,0.8089887640449438,2.8236002356039083,0,0,1,0,0,1,0,0,0,1,0,0,0,0
1,3,0.7691011235955056,0.12758124870071366,0,0,1,1,0,1,0,0,0,0,0,0,0,1
0,3,0.0,-0.29035583119672925,1,1,0,1,1,0,0,0,0,0,0,0,0,1
0,3,0.8247191011235955,-0.2840412999792114,1,1,0,1,0,1,0,0,0,0,0,0,0,1
0,2,0.5910112359550562,-0.041325964936594836,1,1,0,1,0,1,0,0,0,0,0,0,0,1
0,3,0.0,-0.277362968609244,1,1,0,1,0,1,0,0,0,0,0,0,0,1
0,3,0.0,-0.277362968609244,0,1,0,1,0,1,0,0,0,0,0,0,0,1
0,3,0.49213483146067416,0.41992065691913233,1,0,0,1,0,1,0,0,0,0,0,0,0,1
0,3,0.3679775280898877,-0.2840412999792114,1,1,0,1,0,1,0,0,0,0,0,0,0,1
0,3,0.6179775280898877,0.2867438153974083,0,1,0,0,0,1,0,0,0,0,0,0,0,1
0,3,0.0,-0.3129114406486037,1,1,0,1,0,0,0,0,0,0,0,0,0,1
1,3,0.6893258426966293,-0.2858429769246761,1,1,0,1,0,1,0,0,0,0,0,0,0,1
1,2,0.9808988764044945,-0.1712545908114476,1,1,0,1,0,1,0,0,0,0,0,0,0,1
1,1,0.9438202247191011,1.6035357910054742,0,0,0,1,0,1,0,1,0,0,0,0,0,0
1,1,0.7691011235955056,0.5168257570507934,1,1,0,1,0,1,0,0,0,1,0,0,0,0
1,3,0.0,-0.29035583119672925,0,1,0,1,1,0,0,0,0,0,0,0,0,1
0,3,0.301123595505618,-0.277362968609244,1,1,0,1,0,1,0,0,0,0,0,0,0,1
0,3,0.3679775280898877,0.001983577021689412,1,1,0,1,0,1,0,0,0,0,0,0,0,1
1,2,0.7264044943820225,-0.06298073591573695,0,1,0,1,0,1,0,0,0,0,0,0,0,1
1,1,0.8089887640449438,1.7949986140946572,0,0,1,1,0,1,0,0,0,1,0,0,0,0
0,3,0.0,0.00017756912202893625,0,0,1,1,0,0,0,0,0,0,0,0,0,1
1,3,0.6893258426966293,-0.2827766613540295,1,1,0,1,0,1,0,0,0,0,0,0,0,1
1,2,0.5230337078651686,0.6732814773750952,0,0,1,0,0,1,0,0,0,0,0,0,0,1
1,1,0.8089887640449438,4.1763001524495875,0,0,1,0,0,0,0,1,0,0,0,0,0,0
0,2,0.9483146067415731,0.5000433095419583,1,1,0,1,0,1,0,0,0,0,0,0,0,1
0,1,0.7691011235955056,1.1117905897027232,1,1,0,1,0,0,0,0,0,0,0,0,0,0
0,3,0.0,-0.24867039706188065,1,1,0,1,0,0,0,0,0,0,0,0,0,1
1,1,0.33932584269662924,2.8236002356039083,0,1,0,0,0,1,0,0,0,1,0,0,0,0
0,2,0.8949438202247192,0.023638348000831536,1,1,0,1,0,1,0,0,0,0,0,0,0,1
1,1,0.9730337078651686,2.8041109417226804,1,0,1,0,0,0,1,0,0,0,0,0,0,0
0,3,0.4426966292134832,-0.277362968609244,1,1,0,1,0,1,0,0,0,0,0,0,0,1
0,3,0.0,-0.277362968609244,1,1,0,1,0,1,0,0,0,0,0,0,0,1
0,3,0.7460674157303371,-0.31742429492065694,1,1,0,1,0,1,0,0,0,0,0,0,0,1
1,1,0.9398876404494383,2.7636901462130137,0,0,1,1,0,0,0,0,1,0,0,0,0,0
0,3,0.8949438202247192,-0.3120106021758714,1,1,0,1,0,1,0,0,0,0,0,0,0,1
0,3,0.0,-0.29035583119672925,0,1,0,0,1,0,0,0,0,0,0,0,0,1
0,2,0.7859550561797753,0.5000433095419583,1,0,1,1,0,1,0,0,0,0,0,0,0,1
0,3,0.7691011235955056,0.41992065691913233,1,0,1,0,0,1,0,0,0,0,0,0,0,1
1,2,0.0,0.803210103249948,0,1,0,1,0,1,0,0,0,0,0,0,0,1
0,3,0.9140449438202247,-0.6260047813734322,1,1,0,1,0,1,0,0,0,0,0,0,0,1
0,3,0.0,-0.31309334072482853,1,1,0,1,0,0,0,0,0,0,0,0,0,1
1,1,0.9140449438202247,1.8395727946781235,1,0,1,1,0,0,0,0,0,0,0,0,0,0
1,2,0.49213483146067416,0.5433528515002425,0,0,0,0,0,1,0,0,0,0,0,0,0,1
0,3,0.0,-0.2840412999792114,1,1,0,1,0,1,0,0,0,0,0,0,0,1
0,1,0.0,1.21031979765782,1,1,0,1,0,1,0,0,0,0,0,0,0,1
0,3,0.8657303370786518,-0.277362968609244,1,1,0,1,0,1,0,0,0,0,0,0,0,1
1,1,0.7460674157303371,0.5238635576190146,1,1,0,1,0,0,0,0,0,0,0,0,0,1
0,3,0.7691011235955056,0.0474585960778879,1,0,1,1,0,1,0,0,0,0,0,0,0,1
0,3,0.6438202247191012,-0.2840412999792114,1,1,0,1,0,1,0,0,0,0,0,0,0,1
1,1,0.5662921348314607,0.6949362483542374,1,1,0,1,0,1,0,0,0,0,0,0,0,1
1,2,0.4426966292134832,1.1747713256184602,0,0,1,0,0,0,0,0,0,0,0,0,0,1
1,1,0.8247191011235955,6.020385801399765,0,1,0,1,0,1,0,1,0,0,0,0,0,0
0,3,0.8089887640449438,0.7285011433719076,0,0,1,0,0,1,0,0,0,0,0,0,0,1
0,3,0.0,-0.32067251056752827,1,1,0,1,0,1,0,0,0,0,0,0,0,1
1,3,0.0,0.04529311897997366,0,0,1,1,1,0,0,0,0,0,0,0,0,1
0,3,0.0,-0.29035583119672925,1,1,0,1,1,0,0,0,0,0,0,0,0,1
0,3,0.7460674157303371,-0.277362968609244,1,1,0,1,0,1,0,0,0,0,0,0,0,1
1,2,0.49213483146067416,2.1891154459150437,0,0,1,0,0,1,0,0,0,0,0,0,0,1
0,3,0.7264044943820225,-0.002347377174138998,1,0,1,0,0,1,0,0,0,0,0,0,0,1
0,3,0.5466292134831461,0.07127884415494427,0,0,1,1,0,1,0,0,0,0,0,0,0,1
1,2,0.23707865168539327,1.0630673549996534,0,0,0,0,0,1,0,0,0,0,1,0,0,0
0,2,0.5466292134831461,-0.1712545908114476,1,1,0,1,0,1,0,0,0,0,0,0,0,1
0,3,0.5662921348314607,0.0,1,0,1,1,0,0,0,0,0,0,0,0,0,1
1,1,0.8483146067415731,1.6500935486106298,1,0,1,1,0,1,0,0,1,0,0,0,0,0
1,3,0.3904494382022472,0.055761035271290955,1,0,1,0,0,0,0,0,0,0,0,0,0,1
0,3,0.41348314606741576,-0.2858429769246761,1,1,0,1,0,1,0,0,0,0,0,0,0,1
0,3,0.41348314606741576,0.07127884415494427,1,1,0,1,0,1,0,0,0,0,0,0,0,1
0,1,0.9769662921348315,0.7737942623518813,1,1,0,1,0,1,0,0,1,0,0,0,0,0
0,2,0.9617977528089888,-0.09113193818862174,1,1,0,1,1,0,0,0,0,0,0,0,0,1
1,1,0.41348314606741576,2.7503334834730784,0,1,0,1,0,1,0,0,1,0,0,0,0,0
0,3,0.5466292134831461,-0.2840412999792114,1,1,0,1,0,1,0,0,0,0,0,0,0,1
0,3,0.0,-0.29107910054743263,1,1,0,1,1,0,0,0,0,0,0,0,0,1
1,1,1.0,0.6732814773750952,1,1,0,1,0,1,0,0,0,0,0,0,0,0
0,3,0.9320224719101124,-0.32049061049130345,1,1,0,1,0,1,0,0,0,0,0,0,0,1
1,1,0.6893258426966293,0.6949362483542374,1,1,0,1,0,0,1,0,0,0,0,0,0,0
0,1,0.0,-0.6260047813734322,1,1,0,1,0,1,0,0,0,0,0,0,0,1
0,3,0.26348314606741574,0.5823314392626983,0,0,0,0,0,1,0,0,0,0,0,0,0,1
1,2,0.5910112359550562,-0.06298073591573695,0,1,0,1,0,1,0,0,0,0,0,0,0,1
0,3,0.6893258426966293,-0.2827766613540295,1,1,0,1,0,1,0,0,0,0,0,0,0,1
0,2,0.6696629213483147,0.5108706950315294,1,0,1,0,0,1,0,0,0,0,0,0,0,1
0,3,0.8370786516853933,1.092842665095974,0,1,0,0,0,1,0,0,0,0,0,0,0,1
0,3,0.0,0.07127884415494427,1,0,1,1,0,1,0,0,0,0,0,0,0,1
0,3,0.3904494382022472,-0.2858429769246761,1,1,0,1,0,1,0,0,0,0,0,0,0,1
1,1,0.49213483146067416,2.375346476335666,0,1,0,1,0,0,1,0,0,0,0,0,0,0
0,3,0.21910112359550565,0.5823314392626983,0,0,0,0,0,1,0,0,0,0,0,0,0,1
1,3,0.0,1.8208024391934032,1,1,0,1,0,1,0,0,0,0,0,0,0,1
1,3,0.201123595505618,0.20806337052179327,0,0,0,0,0,0,0,0,0,0,0,0,0,1
1,1,0.905056179775281,2.6971017254521517,1,0,1,1,0,0,0,0,1,0,0,0,0,0
0,3,0.3679775280898877,-0.2840412999792114,1,1,0,1,0,1,0,0,0,0,0,0,0,1
1,1,0.958426966292135,0.9114839581456586,1,1,0,1,0,0,0,0,0,0,0,0,0,0
0,3,0.0,-0.2990177395883861,1,1,0,1,0,1,0,0,0,0,0,0,0,1
1,3,0.4662921348314607,-0.2990177395883861,0,1,0,1,0,1,0,0,0,0,0,0,0,1
0,3,0.0,-0.2840412999792114,1,1,0,1,0,1,0,0,0,0,0,0,0,1
1,2,0.33932584269662924,0.37011468366710554,0,1,0,0,0,1,0,0,0,0,0,0,0,1
0,3,0.41348314606741576,-0.2607624211766337,1,1,0,1,0,1,0,0,0,0,0,0,0,1
1,3,0.0,-0.28692571547363316,0,1,0,1,1,0,0,0,0,0,0,0,0,1
0,3,0.33932584269662924,-0.3336653731550135,0,1,0,1,1,0,0,0,0,0,0,0,0,1
0,2,0.49213483146067416,2.55724655256046,1,0,0,1,0,1,0,0,0,0,0,0,0,1
0,3,0.0,-0.2840412999792114,1,1,0,1,0,1,0,0,0,0,0,0,0,1
0,3,0.6893258426966293,0.04529311897997366,0,0,1,0,1,0,0,0,0,0,0,0,0,1
0,2,0.4662921348314607,-0.06298073591573695,1,1,0,1,0,1,0,0,0,0,0,0,0,1
0,1,0.9657303370786517,4.279883583951216,1,1,0,0,0,0,0,0,1,0,0,0,0,0
1,1,0.9224719101123596,5.162315501351258,1,0,0,1,0,1,0,0,0,0,0,0,0,1
0,3,0.8247191011235955,-0.31309334072482853,1,1,0,1,0,0,0,0,0,0,0,0,0,1
0,1,0.8949438202247192,0.48217812348416594,1,1,0,1,0,1,0,0,0,1,0,0,0,0
0,3,0.7691011235955056,-0.30136511676252514,1,1,0,1,0,1,0,0,0,0,0,0,0,1
1,3,0.3904494382022472,-0.2827766613540295,1,0,1,1,0,1,0,0,0,0,0,0,0,1
0,2,0.6893258426966293,2.55724655256046,1,0,0,1,0,1,0,0,0,0,0,0,0,1
0,2,0.5230337078651686,-0.06298073591573695,1,1,0,1,0,1,0,0,0,0,0,0,0,1
0,3,0.0,-0.2892730926477721,1,1,0,1,0,1,0,0,0,0,0,0,0,1
0,3,0.8578651685393259,-0.277362968609244,1,1,0,1,0,1,0,0,0,0,0,0,0,1
1,1,0.0,1.6260914004573488,0,0,1,1,0,1,0,1,0,0,0,0,0,0
1,2,0.8247191011235955,1.0630673549996534,0,0,1,0,0,1,0,0,0,0,0,0,0,1
0,1,0.6696629213483147,1.6260914004573488,1,0,1,1,0,1,1,0,0,0,0,0,0,0
0,2,0.9938202247191013,-0.1712545908114476,1,1,0,1,0,1,0,0,0,0,0,0,0,1
1,2,0.6696629213483147,-0.06298073591573695,1,1,0,1,0,1,0,0,0,0,0,0,0,1
0,2,0.0,-0.6260047813734322,1,1,0,1,0,1,0,0,0,0,0,0,0,1
0,3,0.33932584269662924,-0.2892730926477721,1,1,0,1,0,1,0,0,0,0,0,0,0,1
0,3,0.5101123595505618,-0.277362968609244,1,1,0,1,0,1,0,0,0,0,0,0,0,1
1,3,0.33932584269662924,-0.19976526228258612,0,1,0,1,0,1,0,0,0,0,0,0,0,1
0,3,0.8578651685393259,1.405212736470099,0,0,1,0,0,1,0,0,0,0,0,0,0,1
1,1,0.7691011235955056,21.56273820248077,1,1,0,0,0,0,1,0,0,0,0,0,0,0
0,3,0.0,-0.27357338368789413,0,1,0,1,1,0,0,0,0,0,0,0,0,1
1,1,0.5662921348314607,2.6971017254521517,1,1,0,1,0,0,0,0,1,0,0,0,0,0
0,3,0.3904494382022472,-0.22647425680826,1,1,0,1,0,1,0,0,0,0,0,0,0,1
0,3,0.2808988764044944,1.405212736470099,1,0,0,0,0,1,0,0,0,0,0,0,0,1
0,2,0.9730337078651686,1.0630673549996534,1,0,1,0,0,1,0,0,0,0,0,0,0,1
0,2,0.5230337078651686,1.1747713256184602,1,0,1,0,0,0,0,0,0,0,0,0,0,1
0,3,0.2808988764044944,1.092842665095974,1,0,0,0,0,1,0,0,0,0,0,0,0,1
0,3,0.3679775280898877,-0.18551209202411476,1,1,0,1,0,1,0,0,0,0,0,0,0,1
0,3,0.33932584269662924,-0.28837225417503987,1,1,0,1,0,1,0,0,0,0,0,0,0,1
1,1,0.28876404494382024,8.526925542235466,0,1,0,0,0,1,1,0,0,0,0,0,0,0
1,1,0.6696629213483147,1.84263911024877,1,0,1,1,0,1,1,0,0,0,0,0,0,0
1,3,0.23707865168539327,-0.04493364978171989,0,1,0,0,0,0,0,0,0,0,0,0,0,1
1,3,0.0,1.8208024391934032,1,1,0,1,0,1,0,0,0,0,0,0,0,1
0,3,0.5230337078651686,-0.31309334072482853,1,1,0,1,0,0,0,0,0,0,0,0,0,1
0,1,0.9730337078651686,0.5238635576190146,1,1,0,1,0,1,0,0,0,0,0,0,0,1
0,2,0.9398876404494383,-0.041325964936594836,1,1,0,1,0,1,0,0,0,0,0,0,0,1
0,3,0.8657303370786518,-0.277362968609244,1,1,0,1,0,1,0,0,0,0,0,0,0,1
1,3,0.0,-0.29107910054743263,0,1,0,1,1,0,0,0,0,0,0,0,0,1
0,1,0.9140449438202247,4.1763001524495875,1,0,1,0,0,0,0,1,0,0,0,0,0,0
0,3,0.8483146067415731,-0.29468678539255766,1,1,0,1,0,1,0,0,0,0,1,0,0,0
1,1,0.33932584269662924,9.227998752685192,0,0,1,1,0,0,0,1,0,0,0,0,0,0
1,1,0.7460674157303371,0.5124948028549651,1,1,0,1,0,1,0,0,0,1,0,0,0,0
0,3,0.33932584269662924,0.0,0,1,0,0,0,0,0,0,0,0,0,0,0,1
0,3,0.5230337078651686,-0.290715300394983,1,1,0,1,1,0,0,0,0,0,0,0,0,1
0,3,0.5466292134831461,-0.2858429769246761,1,0,1,1,0,1,0,0,0,0,0,0,0,1
0,2,0.8089887640449438,0.5000433095419583,1,1,0,1,0,1,0,0,0,0,0,0,0,1
1,2,0.8780898876404495,-0.041325964936594836,0,1,0,1,0,1,0,0,0,0,0,0,0,1
1,1,0.8483146067415731,0.5124948028549651,1,1,0,1,0,1,0,0,0,1,0,0,0,0
1,1,0.4426966292134832,5.937556302404546,0,1,0,1,0,1,0,0,0,0,0,0,0,1
1,3,0.0,0.03428383341417777,1,0,1,0,0,0,0,0,0,0,0,0,0,1
1,1,0.49213483146067416,1.5179994456378627,0,1,0,1,0,0,0,1,0,0,0,0,0,0
0,1,0.0,0.5238635576190146,1,1,0,1,0,1,0,1,0,0,0,0,0,0
1,1,0.905056179775281,1.6260914004573488,1,0,1,1,0,1,0,1,0,0,0,0,0,0
0,3,0.6179775280898877,-0.21528740212043518,1,1,0,1,0,1,0,0,0,0,0,0,0,1
0,2,0.9398876404494383,-0.06298073591573695,1,1,0,1,0,1,0,0,0,0,0,0,0,1
0,3,0.3679775280898877,-0.29468678539255766,1,1,0,1,0,1,0,0,0,0,1,0,0,0
1,1,0.7949438202247192,9.227998752685192,0,1,0,1,0,0,0,1,0,0,0,0,0,0
1,2,0.5662921348314607,-0.1712545908114476,0,1,0,1,0,1,0,0,0,1,0,0,0,0
0,3,0.0,0.04529311897997366,1,1,0,1,1,0,0,0,0,0,0,0,0,1
0,3,0.7095505617977529,-0.2892730926477721,1,1,0,1,0,1,0,0,0,0,0,0,0,1
1,2,0.24887640449438203,0.803210103249948,0,1,0,0,0,1,0,0,0,0,0,0,0,1
0,3,0.31797752808988766,-0.32049061049130345,1,0,1,1,0,1,0,0,0,0,0,0,0,1
0,2,0.7264044943820225,-0.06298073591573695,1,1,0,1,0,1,0,0,0,0,0,0,0,1
0,2,0.9224719101123596,-0.06298073591573695,1,1,0,1,0,1,0,0,0,0,0,0,0,1
1,1,0.5662921348314607,1.6737318966114614,1,0,1,1,0,1,0,0,0,1,0,0,0,0
0,3,0.3904494382022472,-0.2508358741597949,1,1,0,1,0,1,0,0,0,0,0,0,0,1
1,2,0.6438202247191012,0.283495599750537,0,0,0,1,0,1,0,0,0,0,0,0,0,1
1,3,0.0,-0.2908972004712078,0,1,0,1,1,0,0,0,0,0,0,0,0,1
0,2,0.5230337078651686,0.5000433095419583,1,0,1,1,0,1,0,0,0,0,0,0,0,1
0,3,0.5230337078651686,-0.2827766613540295,0,0,1,1,0,1,0,0,0,0,0,0,0,1
1,1,0.6179775280898877,8.526925542235466,0,1,0,1,0,1,1,0,0,0,0,0,0,0
0,3,0.2724719101123596,0.18767323816783318,1,1,0,1,0,0,0,0,0,0,0,0,0,1
0,2,0.0,-0.6260047813734322,1,1,0,1,0,1,0,0,0,0,0,0,0,1
0,2,0.4662921348314607,-0.06298073591573695,1,1,0,1,0,1,0,0,0,0,0,0,0,1
0,2,0.4662921348314607,-0.06298073591573695,1,1,0,1,0,1,0,0,0,0,0,0,0,1
0,3,0.606179775280899,0.07127884415494427,1,1,0,1,0,1,0,0,0,0,0,0,0,1
0,3,0.905056179775281,0.8627607234425888,0,0,1,0,0,1,0,0,0,0,0,0,0,1
1,1,0.7460674157303371,21.56273820248077,1,1,0,1,0,0,1,0,0,0,0,0,0,0
0,3,0.0,-0.2840412999792114,1,1,0,1,0,1,0,0,0,0,0,0,0,1
0,3,0.0,-0.2840412999792114,1,1,0,1,0,1,0,0,0,0,0,0,0,1
1,1,0.0,0.6732814773750952,1,1,0,1,0,1,0,0,1,0,0,0,0,0
0,1,0.7691011235955056,2.7889526020372806,1,0,1,1,0,1,0,1,0,0,0,0,0,0
1,1,0.41348314606741576,10.737336289931397,0,0,0,0,0,0,1,0,0,0,0,0,0,0
0,3,0.49213483146067416,0.07127884415494427,1,0,1,1,0,1,0,0,0,0,0,0,0,1
1,3,0.6696629213483147,-0.2827766613540295,1,1,0,1,0,1,0,0,0,0,0,0,0,1
0,1,0.9938202247191013,2.4489726976647495,1,0,1,0,0,1,1,0,0,0,0,0,0,0
0,3,0.301123595505618,0.25101344328182384,1,0,1,0,0,1,0,0,0,0,0,0,0,1
1,2,0.6438202247191012,-0.06298073591573695,0,1,0,1,0,1,0,0,0,0,0,0,0,1
0,1,0.3679775280898877,1.6737318966114614,1,0,1,1,0,1,0,0,1,0,0,0,0,0
0,3,0.6696629213483147,-0.29035583119672925,1,1,0,1,1,0,0,0,0,0,0,0,0,1
1,2,0.23707865168539327,0.37011468366710554,0,0,1,0,0,1,0,0,0,0,0,0,0,1
1,3,0.24887640449438203,-0.0857182454438362,1,1,0,0,0,1,0,0,0,1,0,0,0,0
0,3,0.7095505617977529,-0.21456413276973182,1,1,0,1,0,1,0,0,0,0,0,0,0,1
0,3,0.4662921348314607,-0.2840412999792114,1,1,0,1,0,1,0,0,0,0,0,0,0,1
1,2,0.905056179775281,2.1891154459150437,0,0,1,0,0,1,0,0,0,0,0,0,0,1
1,2,0.2,0.001983577021689412,1,0,1,0,0,1,0,0,0,0,0,0,0,1
0,3,0.5910112359550562,-0.28837225417503987,1,1,0,1,0,1,0,0,0,0,0,0,0,1
0,2,0.33932584269662924,-0.12794504885316332,1,1,0,1,0,1,0,0,0,0,0,0,0,1
0,3,0.7264044943820225,-0.277362968609244,1,1,0,1,0,1,0,0,0,0,0,0,0,1
1,1,0.7095505617977529,3.120270598018155,0,1,0,1,0,1,1,0,0,0,0,0,0,0
0,3,0.0,0.001983577021689412,1,1,0,1,0,1,0,0,0,0,0,0,0,1
0,3,0.8370786516853933,-0.31742429492065694,1,1,0,1,0,1,0,0,0,0,0,0,0,1
1,3,0.3904494382022472,-0.3129114406486037,1,1,0,1,0,0,0,0,0,0,0,0,0,1
1,1,0.7691011235955056,4.571140253620677,0,0,1,0,0,1,1,0,0,0,0,0,0,0
0,3,0.301123595505618,-0.2892730926477721,1,1,0,1,0,1,0,0,0,0,0,0,0,1
1,1,0.9320224719101124,2.7503334834730784,0,0,1,1,0,1,0,0,1,0,0,0,0,0
0,1,0.0,1.089053080174624,1,1,0,1,0,0,0,0,0,0,0,0,0,1
0,3,0.6589887640449439,-0.29035583119672925,0,1,0,1,1,0,0,0,0,0,0,0,0,1
0,3,0.0,0.41992065691913233,1,0,1,1,1,0,0,0,0,0,0,0,0,1
0,3,0.6893258426966293,-0.26382873674728013,1,1,0,1,0,1,0,0,0,0,0,0,0,1
0,3,0.49213483146067416,-0.21456413276973182,1,1,0,1,0,1,0,0,0,0,0,0,0,1
0,3,0.905056179775281,-0.2858429769246761,1,1,0,1,0,1,0,0,0,0,0,0,0,1
0,2,0.9617977528089888,-0.1712545908114476,0,1,0,1,0,1,0,0,0,1,0,0,0,0
0,3,0.0,-0.31309334072482853,1,1,0,1,0,0,0,0,0,0,0,0,0,1
1,2,0.9483146067415731,0.37011468366710554,0,0,1,0,0,1,0,0,0,0,0,0,0,1
0,3,0.33932584269662924,-0.29035583119672925,1,1,0,1,0,1,0,0,0,0,0,0,0,1
0,3,0.0,-0.29035583119672925,1,1,0,1,1,0,0,0,0,0,1,0,0,0
1,3,0.2449438202247191,-0.0857182454438362,0,1,0,1,0,1,0,0,0,0,0,0,0,1
0,3,0.0,-0.2908972004712078,1,1,0,1,1,0,0,0,0,0,0,0,0,1
1,1,0.8578651685393259,8.526925542235466,0,1,0,0,0,1,1,0,0,0,0,0,0,0
1,3,0.27640449438202247,-0.3129114406486037,0,1,0,1,0,0,0,0,0,0,0,0,0,1
1,1,0.31797752808988766,1.84263911024877,0,0,1,1,0,1,1,0,0,0,0,0,0,0
0,1,0.6179775280898877,0.6732814773750952,1,1,0,1,0,1,0,0,1,0,0,0,0,0
0,3,0.0,0.3896039775483334,1,0,1,0,0,1,0,0,0,0,0,0,0,1
0,3,0.5230337078651686,-0.32067251056752827,1,1,0,1,0,1,0,0,0,0,0,0,0,1
0,3,0.5230337078651686,-0.3120106021758714,1,1,0,1,0,1,0,0,0,0,0,0,0,1
1,3,0.33932584269662924,-0.30136511676252514,0,1,0,1,0,1,0,0,0,0,0,0,0,1
0,3,0.2561797752808989,0.6353856281615965,1,0,0,0,1,0,0,0,0,0,0,0,0,1
1,3,0.20955056179775283,0.2650890444182662,1,0,1,0,0,1,0,0,0,0,0,0,0,1
0,1,0.8887640449438203,2.8041109417226804,1,1,0,1,0,0,1,0,0,0,0,0,0,0
0,3,0.0,-0.29035583119672925,1,1,0,1,1,0,0,0,0,0,0,0,0,1
0,2,0.301123595505618,0.5000433095419583,1,1,0,1,0,1,0,0,0,0,0,0,0,1
0,3,0.0,2.3861738618252373,0,0,0,0,0,1,0,0,0,0,0,0,0,1
0,1,0.0,0.7034162566696693,1,1,0,1,0,0,0,0,0,0,0,0,0,1
0,3,0.5230337078651686,-0.2840412999792114,1,1,0,1,0,1,0,0,0,0,0,0,0,1
0,2,0.8089887640449438,-0.06298073591573695,1,1,0,1,0,1,0,0,0,0,0,0,0,1
1,1,0.9140449438202247,0.4969769939713118,0,1,0,1,0,1,0,0,1,0,0,0,0,0
1,3,0.6696629213483147,-0.2499350356870626,0,1,0,1,0,1,0,0,0,0,0,0,0,1
0,3,0.6438202247191012,-0.3129114406486037,1,1,0,1,0,0,0,0,0,0,0,0,0,1
0,3,0.6438202247191012,0.41992065691913233,0,0,1,0,0,1,0,0,0,0,0,0,0,1
0,2,0.7264044943820225,-0.06298073591573695,1,1,0,1,0,1,0,0,0,0,0,0,0,1
1,2,0.6696629213483147,0.5108706950315294,0,0,1,0,0,1,0,0,0,0,0,0,0,1
1,1,0.2724719101123596,4.571140253620677,1,0,1,0,0,1,1,0,0,0,0,0,0,0
1,3,0.19887640449438204,-0.2571504053773127,1,1,0,0,0,0,0,0,0,0,0,0,0,1
1,3,0.5662921348314607,-0.32392072621439955,1,1,0,1,0,1,0,0,0,0,0,0,0,1
0,3,0.6696629213483147,-0.2892730926477721,1,1,0,1,0,1,0,0,0,0,0,0,0,1
0,1,0.8089887640449438,-0.6260047813734322,1,1,0,1,0,1,0,0,0,0,0,0,0,0
0,3,0.33932584269662924,-0.2892730926477721,0,1,0,1,0,1,0,0,0,0,0,0,0,1
0,2,0.8089887640449438,-0.06298073591573695,1,1,0,1,0,1,0,0,0,0,0,0,0,1
1,1,0.7095505617977529,1.6737318966114614,0,0,1,1,0,1,0,0,0,1,0,0,0,0
0,3,0.5466292134831461,-0.28440076917746515,1,1,0,1,0,1,0,0,0,0,0,0,0,1
0,3,0.8089887640449438,0.41992065691913233,1,1,0,1,0,1,0,0,0,0,0,0,0,1
0,2,0.7460674157303371,-0.1712545908114476,1,1,0,1,0,1,0,0,0,0,0,0,0,1
0,3,0.24887640449438203,0.7285011433719076,0,0,0,0,0,1,0,0,0,0,0,0,0,1
0,3,0.6589887640449439,-0.277362968609244,1,1,0,1,0,1,0,0,0,0,0,0,0,1
0,1,0.0,-0.6260047813734322,1,1,0,1,0,1,1,0,0,0,0,0,0,0
0,3,0.4662921348314607,-0.2827766613540295,0,1,0,1,0,1,0,0,0,0,0,0,0,1
0,2,0.6696629213483147,0.9766301711593096,1,0,1,0,0,0,0,0,0,0,0,0,0,1
0,3,0.8578651685393259,-0.3466582357424988,1,1,0,1,0,1,0,0,0,0,0,0,0,1
0,3,0.26853932584269663,0.5823314392626983,1,0,0,0,0,1,0,0,0,0,0,0,0,1
1,1,0.9398876404494383,3.423437391726145,0,0,1,0,0,1,1,0,0,0,0,0,0,0
1,3,0.5662921348314607,-0.2508358741597949,1,1,0,1,0,1,0,0,0,0,0,0,0,1
0,1,0.7949438202247192,-0.6260047813734322,1,1,0,1,0,1,0,0,0,0,0,0,0,1
1,3,0.5662921348314607,-0.0857182454438362,0,1,0,0,0,1,0,0,0,1,0,0,0,0
0,3,0.21910112359550565,1.092842665095974,1,0,0,0,0,1,0,0,0,0,0,0,0,1
0,3,0.0,-0.3250034647633567,1,1,0,1,1,0,0,0,0,0,0,0,0,1
0,3,0.0,1.8208024391934032,1,1,0,1,0,1,0,0,0,0,0,0,0,1
1,2,0.20955056179775283,0.9766301711593096,1,1,0,0,0,0,0,0,0,0,0,0,0,1
1,3,0.0,-0.29035583119672925,1,1,0,1,1,0,0,0,0,0,0,0,0,1
1,1,0.9808988764044945,2.8387585752893076,0,1,0,1,0,0,1,0,0,0,0,0,0,0
1,3,0.28876404494382024,0.0,0,0,1,1,0,0,0,0,0,0,0,0,0,1
1,2,0.20393258426966293,0.18604913034439746,1,0,1,0,0,1,0,0,0,0,0,0,0,1
0,3,0.0,-0.3129114406486037,1,1,0,1,0,0,0,0,0,0,0,0,0,1
0,3,0.4662921348314607,-0.2858429769246761,1,1,0,1,0,1,0,0,0,0,0,0,0,1
0,3,0.33932584269662924,-0.2665355831196729,1,1,0,1,0,1,0,0,0,0,0,0,0,1
1,1,0.8089887640449438,2.9755431016561564,0,0,1,0,0,0,0,0,0,1,0,0,0,0
0,3,0.41348314606741576,-0.2508358741597949,1,1,0,1,0,1,0,0,0,0,0,0,0,1
0,3,0.0,-0.277362968609244,1,1,0,1,0,1,0,0,0,0,0,0,0,1
1,3,0.6893258426966293,1.8208024391934032,1,1,0,1,0,1,0,0,0,0,0,0,0,1
1,1,0.0,0.6602886147876099,1,1,0,1,0,0,0,1,0,0,0,0,0,0
0,3,0.3904494382022472,-0.2827766613540295,1,1,0,1,0,1,0,0,0,0,0,0,0,1
0,2,0.301123595505618,-0.1712545908114476,1,1,0,1,0,1,0,0,0,0,0,0,0,1
1,1,0.6438202247191012,0.7165910193333795,0,1,0,1,0,0,0,0,0,0,0,0,0,1
0,3,0.7359550561797752,-0.34719960501697733,1,1,0,1,0,0,0,0,0,0,0,0,0,1
0,3,0.31797752808988766,-0.2508358741597949,1,1,0,1,0,1,0,0,0,0,0,0,0,1
0,3,0.8483146067415731,-0.2990177395883861,1,1,0,1,0,1,0,0,0,0,0,0,0,1
0,3,0.0,2.3861738618252373,1,0,0,0,0,1,0,0,0,0,0,0,0,1
0,3,0.7460674157303371,-0.2840412999792114,1,1,0,1,0,0,0,0,0,0,0,0,0,1
0,2,0.5910112359550562,0.803210103249948,1,1,0,0,0,1,0,0,0,0,0,0,0,1
1,1,0.0,3.2330573071859194,0,0,1,1,0,0,0,1,0,0,0,0,0,0
0,3,0.23707865168539327,0.7285011433719076,1,0,0,0,0,1,0,0,0,0,0,0,0,1
0,3,0.9988764044943821,-0.2892730926477721,1,1,0,1,0,1,0,0,0,0,0,0,0,1
0,3,0.26348314606741574,0.03428383341417777,0,0,1,0,0,0,0,0,0,0,0,0,0,1
1,1,0.301123595505618,1.080391171782967,0,1,0,0,0,1,0,0,1,0,0,0,0,0
0,2,0.8657303370786518,0.5000433095419583,0,0,1,1,0,1,0,0,0,0,0,0,0,1
1,3,0.33932584269662924,-0.2210605640634745,0,1,0,0,0,1,0,0,0,0,0,0,0,1
1,1,0.8780898876404495,6.51429647980043,0,0,1,0,0,1,0,0,0,0,0,0,0,1
1,1,0.9320224719101124,0.5238635576190146,1,1,0,1,0,1,0,0,0,1,0,0,0,0
1,3,0.49213483146067416,0.20806337052179327,0,1,0,0,0,0,0,0,0,0,0,0,0,1
0,3,0.0,-0.3129114406486037,1,1,0,1,0,0,0,0,0,0,0,0,0,1
0,3,0.8370786516853933,-0.014980770563370535,1,0,0,1,0,1,0,0,0,0,0,0,0,1
0,2,0.41348314606741576,-0.12794504885316332,1,0,1,1,0,1,0,0,0,0,0,0,0,1
1,1,0.905056179775281,0.4969769939713118,0,1,0,1,0,1,0,0,1,0,0,0,0,0
0,3,0.0,2.3861738618252373,0,0,0,0,0,1,0,0,0,0,0,0,0,1
0,2,0.49213483146067416,-0.06298073591573695,1,1,0,1,0,1,0,0,0,0,0,0,0,1
1,2,0.8483146067415731,-0.06298073591573695,0,1,0,1,0,1,0,0,0,0,0,0,0,1
1,2,0.5662921348314607,-0.025808156052941598,0,0,1,1,0,0,0,0,0,0,0,0,0,1
0,1,0.6696629213483147,1.5609451874436977,1,1,0,1,0,1,0,0,0,0,0,0,0,0
0,3,0.0,-0.21456413276973182,1,1,0,1,0,1,0,0,0,0,0,0,0,1
1,3,0.23707865168539327,-0.14382665788926616,1,0,1,0,0,1,0,0,0,0,0,0,0,1
0,3,0.5466292134831461,-0.2840412999792114,1,1,0,1,0,1,0,0,0,0,0,0,0,1
1,1,0.8949438202247192,1.6500935486106298,0,0,1,0,0,1,0,0,1,0,0,0,0,0
0,1,0.7095505617977529,-0.40945707158201095,1,1,0,1,0,1,1,0,0,0,0,0,0,0
0,3,0.8949438202247192,-0.23621890374887394,1,1,0,1,0,1,0,0,0,0,0,0,0,1
1,2,0.5910112359550562,0.4134242256253898,0,0,1,1,0,0,0,0,0,0,0,0,0,1
1,3,0.28876404494382024,-0.31309334072482853,0,1,0,1,0,0,0,0,0,0,0,0,0,1
0,3,0.3904494382022472,-0.1995876931605571,1,1,0,1,0,1,0,0,0,0,0,0,0,1
0,3,0.3679775280898877,-0.2840412999792114,1,1,0,1,0,1,0,0,0,0,0,0,0,1
0,3,0.0,-0.2840412999792114,1,1,0,1,0,1,0,0,0,0,0,0,0,1
1,1,0.958426966292135,2.9755431016561564,0,1,0,0,0,0,0,1,0,0,0,0,0,0
1,2,0.5230337078651686,0.5000433095419583,0,1,0,0,0,1,0,0,0,0,0,0,0,1
0,3,0.7095505617977529,-0.2840412999792114,1,1,0,1,0,1,0,0,0,0,0,0,0,1
0,3,0.4426966292134832,-0.17053132146074423,0,1,0,1,0,1,0,0,0,0,0,0,0,1
0,2,0.5910112359550562,-0.1712545908114476,1,1,0,1,0,1,0,0,0,0,0,0,0,1
0,3,0.5230337078651686,-0.32067251056752827,1,1,0,1,0,1,0,0,0,0,0,0,0,1
0,3,0.8089887640449438,0.6353856281615965,0,1,0,0,1,0,0,0,0,0,0,0,0,1
0,2,0.5662921348314607,-0.06298073591573695,1,1,0,1,0,1,0,0,0,0,0,0,0,1
1,1,0.3679775280898877,0.6732814773750952,0,1,0,1,0,1,1,0,0,0,0,0,0,0
0,3,0.0,0.3896039775483334,0,0,1,0,0,1,0,0,0,0,0,0,0,1
1,1,0.5466292134831461,0.6732814773750952,1,1,0,1,0,0,0,1,0,0,0,0,0,0
0,3,0.6893258426966293,-0.29035583119672925,1,1,0,1,1,0,0,0,0,0,0,0,0,1
